Flight,Time,Length,Airline,AirportFrom,AirportTo,DayOfWeek,label
815.0,900.0,105.0,AA,DFW,ELP,1,0
1886.0,735.0,165.0,AA,SJU,MIA,4,1
3763.0,1080.0,70.0,WN,BWI,ALB,1,1
199.0,440.0,162.0,CO,IAH,DEN,3,1
555.0,1130.0,195.0,B6,EWR,RSW,4,1
938.0,695.0,111.0,US,CLT,LGA,1,1
19.0,1150.0,405.0,UA,JFK,SFO,2,1
753.0,1072.0,217.0,UA,DEN,LGA,3,1
2399.0,780.0,61.0,XE,IAH,BTR,1,0
788.0,1070.0,93.0,US,RDU,PHL,7,0
562.0,1080.0,105.0,WN,PDX,OAK,4,1
443.0,1100.0,205.0,AA,LGA,MIA,3,1
2029.0,935.0,70.0,WN,OAK,LAX,4,1
880.0,900.0,210.0,AA,SJC,DFW,4,1
417.0,375.0,85.0,WN,OAK,SNA,3,1
6273.0,1250.0,89.0,OH,DCA,CMH,5,0
4719.0,320.0,93.0,OO,LWS,SLC,7,0
2867.0,1135.0,113.0,DL,MEM,DTW,6,0
1945.0,795.0,60.0,WN,STL,MDW,4,0
2711.0,430.0,150.0,DL,ATL,DFW,4,0
2035.0,990.0,130.0,DL,MKE,ATL,2,0
6508.0,1130.0,238.0,OO,AUS,SFO,5,0
2050.0,1135.0,162.0,DL,MEM,LGA,3,1
6338.0,1033.0,42.0,OO,SAN,LAX,1,1
3205.0,520.0,120.0,MQ,DFW,SDF,3,0
1027.0,1035.0,371.0,DL,SEA,HNL,7,0
1783.0,821.0,85.0,DL,SLC,LAS,6,0
3585.0,510.0,155.0,WN,MCO,PVD,4,0
7138.0,1145.0,110.0,EV,MHT,IAD,1,1
6555.0,583.0,58.0,OO,GJT,DEN,6,1
5410.0,932.0,93.0,EV,ROA,ATL,4,0
34.0,840.0,288.0,UA,OGG,SFO,7,1
748.0,861.0,141.0,UA,LAX,DEN,3,1
519.0,1020.0,260.0,AA,ORD,LAX,5,0
707.0,685.0,219.0,B6,JFK,SJU,4,1
1290.0,435.0,65.0,WN,ECP,MCO,6,1
6867.0,447.0,107.0,OO,BZN,DEN,6,0
6274.0,675.0,55.0,OH,MSP,DLH,4,1
5357.0,620.0,102.0,EV,STL,DTW,4,1
3834.0,755.0,170.0,WN,MCO,MHT,4,1
5359.0,975.0,83.0,EV,ATL,MOB,3,1
2809.0,680.0,159.0,DL,CVG,FLL,3,0
3138.0,1175.0,65.0,WN,OAK,BUR,5,1
698.0,1160.0,54.0,UA,ORD,GRR,4,0
4261.0,880.0,115.0,MQ,TUL,ORD,2,0
369.0,706.0,178.0,UA,DEN,PDX,7,0
6681.0,841.0,89.0,OO,DEN,OKC,4,0
1471.0,1200.0,104.0,US,CLT,TPA,1,0
4996.0,688.0,99.0,EV,ATL,LIT,5,1
2196.0,920.0,165.0,DL,MSP,LGA,5,1
3089.0,847.0,90.0,XE,CLT,CLE,4,1
5006.0,1247.0,130.0,EV,ATL,SYR,5,0
2475.0,860.0,175.0,DL,MSP,SLC,1,0
856.0,945.0,255.0,AA,STT,BOS,2,1
2926.0,990.0,140.0,MQ,CHA,DFW,5,1
588.0,1009.0,176.0,UA,DFW,IAD,6,1
1129.0,530.0,85.0,WN,RNO,LAX,6,0
1792.0,1365.0,236.0,DL,SAN,ATL,3,1
840.0,1070.0,75.0,WN,BDL,BWI,7,1
5267.0,600.0,119.0,EV,ATL,AEX,1,1
1453.0,790.0,123.0,US,CLT,MSY,4,0
3919.0,830.0,61.0,9E,DTW,ERI,5,1
380.0,620.0,125.0,WN,DEN,MSP,1,1
1022.0,1035.0,115.0,WN,DEN,LAS,1,0
641.0,570.0,260.0,WN,LAS,PIT,2,1
5022.0,575.0,80.0,EV,MEM,LEX,4,0
3457.0,705.0,185.0,MQ,CLE,DFW,5,1
40.0,960.0,60.0,WN,HOU,DAL,4,1
3619.0,990.0,85.0,MQ,MIA,TLH,2,0
459.0,670.0,215.0,AA,DCA,DFW,3,0
7.0,970.0,199.0,US,PHX,ORD,3,0
233.0,1065.0,80.0,WN,PHL,BOS,4,1
268.0,1109.0,341.0,CO,EWR,LAS,6,1
521.0,570.0,165.0,UA,LGA,ORD,5,0
296.0,1149.0,145.0,UA,DEN,RNO,1,0
623.0,952.0,125.0,UA,DCA,ORD,4,0
519.0,799.0,160.0,CO,TPA,EWR,5,0
22.0,510.0,329.0,UA,LAX,JFK,3,1
4278.0,380.0,55.0,MQ,CMI,ORD,5,1
1195.0,1280.0,55.0,AA,DFW,AUS,3,1
168.0,896.0,152.0,UA,SJC,DEN,5,0
6752.0,660.0,79.0,OH,OMA,MSP,7,1
1416.0,70.0,160.0,DL,DEN,ATL,1,1
687.0,585.0,282.0,US,PHX,EWR,1,0
3672.0,705.0,117.0,9E,LBB,MEM,6,0
6405.0,503.0,124.0,OO,TUS,DEN,3,1
671.0,1022.0,239.0,F9,MCO,DEN,2,0
6825.0,1290.0,69.0,OO,SFO,RDD,1,0
695.0,945.0,260.0,AA,JFK,AUS,3,1
2397.0,1145.0,70.0,WN,SAN,TUS,1,1
2948.0,1125.0,69.0,XE,MKE,CLE,4,1
3805.0,440.0,145.0,9E,CLE,MEM,7,0
5313.0,360.0,98.0,EV,EWN,ATL,3,0
6519.0,980.0,74.0,OO,LAX,SJC,3,1
2861.0,789.0,85.0,XE,BTV,EWR,4,1
559.0,560.0,218.0,CO,IAH,SNA,3,0
19.0,1095.0,385.0,AS,MCO,SEA,6,0
2059.0,1308.0,166.0,DL,ATL,SAT,3,0
3697.0,545.0,125.0,9E,DTW,BHM,3,0
2461.0,920.0,50.0,WN,DAL,AUS,7,0
1053.0,705.0,75.0,AA,STL,ORD,4,0
168.0,625.0,43.0,HA,HNL,KOA,6,0
2101.0,1170.0,145.0,WN,MCO,ISP,7,1
748.0,830.0,80.0,DL,ATL,RDU,6,0
1850.0,775.0,153.0,CO,IAH,RDU,4,1
3094.0,852.0,80.0,OO,MKE,OMA,5,1
119.0,1425.0,349.0,US,KOA,PHX,2,0
6611.0,435.0,149.0,OH,RDU,MEM,1,1
3633.0,435.0,120.0,MQ,MIA,CLT,5,1
327.0,460.0,60.0,WN,SJC,BUR,2,0
707.0,1255.0,94.0,FL,ATL,DAY,5,0
225.0,1329.0,355.0,UA,IAD,SFO,5,1
7085.0,618.0,82.0,EV,GSP,IAD,1,0
34.0,725.0,175.0,WN,FLL,HOU,2,0
5912.0,606.0,86.0,XE,ORD,BUF,4,0
6838.0,1087.0,80.0,OO,SBA,SFO,7,1
407.0,776.0,93.0,FL,IND,ATL,3,0
411.0,505.0,100.0,WN,BOS,PHL,4,0
4858.0,920.0,77.0,OO,SLC,BZN,6,0
2818.0,420.0,125.0,MQ,MGM,DFW,5,0
641.0,645.0,393.0,B6,JFK,SFO,5,0
2948.0,540.0,263.0,DL,SAN,DTW,3,0
1379.0,570.0,74.0,DL,BOS,LGA,5,0
7811.0,660.0,112.0,OO,SLC,GCC,3,1
739.0,940.0,72.0,US,PHL,PIT,2,0
689.0,640.0,110.0,AS,SJC,PDX,6,0
2009.0,855.0,100.0,WN,BOS,PHL,6,0
373.0,765.0,195.0,AA,DFW,SNA,4,0
3781.0,350.0,105.0,MQ,LIT,ORD,4,0
3535.0,1320.0,65.0,MQ,DFW,LIT,2,0
816.0,1189.0,84.0,US,CLT,MDT,4,0
723.0,1000.0,65.0,WN,BWI,RDU,1,1
2908.0,1335.0,241.0,DL,LAX,IND,4,0
509.0,385.0,185.0,AA,DTW,DFW,1,1
583.0,686.0,176.0,US,PHX,GEG,5,1
1894.0,585.0,90.0,AA,SFO,LAX,3,0
7301.0,497.0,75.0,YV,IAD,PVD,1,0
1819.0,1060.0,80.0,WN,MCI,MKE,6,1
469.0,710.0,160.0,AA,STL,MIA,7,0
2369.0,780.0,88.0,DL,ATL,MCO,5,0
1187.0,1155.0,161.0,CO,EWR,ORD,4,1
2920.0,765.0,90.0,WN,LAS,ABQ,5,1
3078.0,365.0,110.0,WN,MDW,BWI,3,1
6487.0,362.0,146.0,OO,MRY,DEN,1,1
656.0,413.0,202.0,UA,PHX,ORD,3,0
2536.0,890.0,75.0,WN,PHL,PIT,6,1
65.0,1150.0,280.0,DL,ATL,LAS,4,0
6689.0,435.0,48.0,OO,ORD,MSN,2,0
581.0,560.0,255.0,AA,STL,LAX,3,0
6402.0,1035.0,92.0,OO,SFO,EUG,6,1
3365.0,630.0,65.0,MQ,LBB,DFW,2,0
1197.0,785.0,80.0,WN,BUR,PHX,3,1
6671.0,824.0,76.0,OH,DTW,CVG,6,0
6248.0,817.0,104.0,OO,OKC,DEN,6,1
3291.0,1095.0,50.0,MQ,TYR,DFW,1,0
2221.0,840.0,120.0,WN,OAK,SEA,5,1
6615.0,677.0,120.0,OO,DEN,GTF,3,0
1537.0,490.0,60.0,WN,SEA,GEG,4,0
3944.0,1049.0,76.0,MQ,JFK,BWI,2,0
836.0,1095.0,142.0,US,PHL,JAX,3,0
704.0,500.0,65.0,WN,RNO,BOI,1,0
1331.0,365.0,105.0,AA,MCI,DFW,3,0
1700.0,480.0,165.0,CO,FLL,EWR,2,0
397.0,1050.0,65.0,US,LAX,LAS,1,0
6351.0,1225.0,91.0,OO,PSP,SFO,6,1
4758.0,1027.0,142.0,OO,SLC,MCI,5,0
1162.0,389.0,91.0,DL,BNA,ATL,7,1
484.0,615.0,70.0,WN,LAS,PHX,3,1
6.0,840.0,227.0,US,ORD,PHX,5,1
2853.0,475.0,68.0,YV,YUM,PHX,7,0
3881.0,1305.0,69.0,9E,ATL,TLH,5,1
458.0,540.0,154.0,AS,SEA,LAX,3,0
1023.0,730.0,95.0,WN,ABQ,DAL,1,1
3503.0,900.0,165.0,WN,MDW,DEN,7,0
7811.0,660.0,112.0,OO,SLC,GCC,5,1
3964.0,665.0,130.0,MQ,BWI,ORD,6,0
6550.0,445.0,116.0,OO,TUS,DEN,5,0
2651.0,684.0,108.0,DL,SLC,SMF,4,0
2958.0,735.0,75.0,DL,DTW,MKE,2,1
688.0,440.0,164.0,CO,IAH,DTW,4,1
959.0,1200.0,161.0,UA,ORD,DEN,4,0
2077.0,987.0,128.0,DL,BDL,DTW,3,1
204.0,946.0,126.0,UA,SEA,SFO,5,0
6423.0,325.0,85.0,OH,DAY,DTW,3,0
2692.0,1140.0,189.0,DL,PHX,MSP,2,0
1920.0,465.0,217.0,DL,LAX,MEM,4,0
1456.0,615.0,142.0,US,DCA,MCO,1,0
583.0,625.0,100.0,FL,BWI,GRR,6,0
1004.0,420.0,122.0,DL,TUL,ATL,2,0
750.0,935.0,130.0,WN,ELP,LAX,3,1
2373.0,495.0,55.0,XE,IAH,AUS,5,0
657.0,1320.0,110.0,AA,DFW,ABQ,5,0
5201.0,660.0,121.0,EV,IAH,ATL,5,0
458.0,1205.0,97.0,US,SLC,PHX,5,1
6512.0,377.0,47.0,OO,PSP,LAX,4,0
4166.0,1020.0,130.0,9E,CLE,JFK,2,0
5525.0,732.0,112.0,EV,CLE,ATL,4,0
1256.0,1215.0,65.0,WN,OAK,BUR,1,1
923.0,1170.0,169.0,B6,BOS,ORD,1,1
1750.0,890.0,276.0,US,LAS,PHL,5,1
2447.0,960.0,160.0,DL,LGA,ATL,1,0
2257.0,1005.0,130.0,DL,SLC,SEA,4,1
2851.0,690.0,66.0,DL,MSP,FAR,5,1
715.0,390.0,98.0,FL,CAK,LGA,6,0
1849.0,1045.0,76.0,DL,ATL,PNS,1,0
2715.0,630.0,75.0,MQ,DFW,LFT,2,0
1425.0,365.0,75.0,AA,STL,ORD,6,0
1972.0,330.0,88.0,DL,TPA,ATL,4,0
1246.0,767.0,113.0,DL,CLT,DTW,5,1
789.0,1285.0,113.0,F9,DEN,LAS,7,0
877.0,850.0,65.0,WN,DAL,LBB,3,0
181.0,1005.0,395.0,AA,JFK,LAX,3,1
2650.0,595.0,160.0,XE,EWR,MKE,1,0
4640.0,875.0,96.0,OO,MSP,RAP,4,1
5177.0,855.0,48.0,EV,ATL,CHA,1,0
2144.0,1020.0,82.0,XE,EWR,ROC,2,1
6457.0,739.0,45.0,OO,SMF,SFO,5,1
6438.0,330.0,45.0,OO,FAT,SFO,2,1
418.0,450.0,172.0,B6,PBI,BOS,7,0
4698.0,778.0,73.0,OO,CPR,SLC,3,0
3636.0,835.0,135.0,MQ,CLT,MIA,2,0
2981.0,365.0,105.0,WN,OAK,PDX,2,1
2849.0,890.0,110.0,MQ,DFW,SAF,4,1
5597.0,507.0,71.0,EV,AGS,ATL,5,0
1147.0,395.0,65.0,WN,LAX,SJC,2,0
2918.0,1365.0,60.0,MQ,DFW,HOU,4,0
4168.0,850.0,135.0,MQ,RIC,ORD,2,1
2210.0,1020.0,125.0,DL,DFW,ATL,4,1
3788.0,1325.0,55.0,9E,MSP,DLH,1,0
313.0,1095.0,75.0,WN,CLE,MDW,1,0
2144.0,1020.0,84.0,XE,EWR,ROC,3,1
1747.0,835.0,220.0,AA,DCA,DFW,1,0
1942.0,755.0,142.0,DL,ATL,EWR,3,0
5515.0,740.0,87.0,EV,LEX,MEM,7,1
707.0,850.0,195.0,WN,FLL,AUS,5,1
2134.0,850.0,158.0,DL,ABQ,MSP,5,0
6977.0,1110.0,29.0,OO,CEC,ACV,5,0
495.0,395.0,95.0,WN,LAS,SFO,5,0
1053.0,715.0,45.0,YV,OGG,LIH,2,0
2818.0,975.0,99.0,YV,FAT,PHX,4,0
907.0,1025.0,288.0,UA,ORD,SFO,7,0
7006.0,453.0,138.0,OO,PDX,LAX,4,1
3640.0,425.0,170.0,MQ,CMH,MIA,4,0
1040.0,1195.0,49.0,YV,HNL,ITO,3,0
517.0,480.0,175.0,AS,SNA,SEA,5,1
4777.0,1005.0,102.0,OO,SLC,ABQ,2,0
282.0,1140.0,119.0,F9,DEN,STL,6,0
912.0,1200.0,83.0,US,CLT,BWI,3,1
1114.0,895.0,106.0,B6,MCO,RIC,1,0
2823.0,790.0,56.0,YV,PHX,TUS,4,0
6574.0,863.0,43.0,OO,SMF,SFO,4,0
1880.0,970.0,298.0,CO,SEA,EWR,5,0
5946.0,1205.0,90.0,XE,ORD,MCI,7,0
3774.0,1310.0,100.0,9E,DTW,SWF,4,0
6231.0,853.0,37.0,OO,EUG,PDX,2,0
259.0,610.0,122.0,FL,ATL,FNT,4,0
212.0,739.0,181.0,FL,RSW,MKE,1,0
4974.0,825.0,82.0,EV,ATL,ROA,1,0
5938.0,1210.0,119.0,XE,ORD,TUL,6,1
1774.0,1310.0,127.0,DL,ATL,MKE,6,0
851.0,390.0,120.0,AA,TUL,ORD,2,1
1895.0,677.0,116.0,DL,SLC,SAN,3,0
679.0,950.0,160.0,WN,MCO,HOU,7,1
6337.0,935.0,220.0,OH,LGA,MCI,1,0
1484.0,612.0,157.0,FL,MCO,DTW,7,1
1812.0,1111.0,124.0,CO,IAH,OMA,6,0
4950.0,725.0,74.0,EV,ATL,LEX,5,0
325.0,315.0,166.0,US,SEA,PHX,5,0
3255.0,1170.0,100.0,MQ,DFW,PNS,3,1
6380.0,884.0,105.0,OO,BOI,SFO,1,1
2748.0,1000.0,79.0,XE,IAH,MOB,3,1
1712.0,785.0,74.0,US,CLT,DCA,6,0
1412.0,735.0,125.0,DL,ATL,ORD,2,0
2912.0,580.0,50.0,MQ,GRK,DFW,3,0
36.0,1113.0,106.0,FL,ATL,MDW,6,1
377.0,355.0,130.0,DL,BDL,DTW,7,1
362.0,705.0,55.0,WN,LAS,ONT,7,1
2426.0,485.0,124.0,DL,FLL,ATL,4,0
2344.0,690.0,135.0,AA,DFW,ORD,5,0
1690.0,1035.0,114.0,US,RSW,CLT,1,0
687.0,1265.0,143.0,FL,ATL,ICT,6,1
423.0,400.0,195.0,B6,BOS,PBI,6,0
63.0,1045.0,238.0,CO,EWR,IAH,6,1
2555.0,455.0,185.0,DL,LGA,PBI,7,0
3073.0,1015.0,60.0,XE,CLE,GRR,2,0
3002.0,1095.0,45.0,MQ,SAN,LAX,3,1
591.0,1176.0,135.0,UA,BWI,ORD,5,0
1819.0,1195.0,314.0,DL,DTW,LAX,6,1
922.0,610.0,50.0,WN,MDW,IND,5,1
2879.0,695.0,85.0,WN,MSY,DAL,4,1
2572.0,820.0,131.0,XE,IAH,CHS,3,1
5120.0,890.0,89.0,EV,LIT,ATL,4,0
3067.0,1040.0,130.0,WN,RDU,MDW,1,1
6266.0,987.0,186.0,OH,PHL,MEM,3,0
7766.0,1015.0,64.0,OO,SLC,PIH,6,1
655.0,570.0,85.0,WN,SLC,LAS,3,1
1999.0,1155.0,70.0,WN,BWI,PVD,1,1
2098.0,1185.0,165.0,WN,FLL,ISP,3,0
6493.0,976.0,65.0,OO,PDX,LMT,6,0
2401.0,390.0,205.0,AA,DFW,LAX,5,0
1245.0,1050.0,70.0,DL,DTW,IND,2,1
1895.0,1290.0,133.0,DL,ATL,IAH,3,0
2984.0,1120.0,115.0,MQ,DFW,CSG,2,1
909.0,1040.0,75.0,WN,LAS,TUS,7,1
2501.0,1050.0,134.0,DL,MCO,MEM,3,0
1213.0,1135.0,155.0,AA,MSP,DFW,7,0
3801.0,1056.0,134.0,9E,CLE,MEM,7,1
24.0,595.0,160.0,WN,MCO,HOU,4,1
2064.0,760.0,60.0,AA,MIA,MCO,1,0
1827.0,1260.0,75.0,WN,ONT,OAK,4,1
4006.0,855.0,95.0,MQ,ORD,CHA,4,1
1437.0,835.0,89.0,US,BWI,CLT,3,0
1442.0,520.0,175.0,DL,ATL,MSP,7,0
1549.0,668.0,330.0,DL,ATL,SFO,5,0
1890.0,1020.0,230.0,AA,LAX,ORD,3,0
523.0,1225.0,150.0,FL,BWI,TPA,6,0
5957.0,1101.0,105.0,XE,HSV,IAD,5,0
1601.0,885.0,181.0,DL,BOS,ATL,5,1
5589.0,1094.0,80.0,EV,TRI,ATL,2,0
6742.0,490.0,55.0,OO,ASE,DEN,7,0
256.0,1095.0,125.0,FL,FNT,ATL,2,0
5196.0,615.0,119.0,EV,OMA,DTW,5,0
1201.0,495.0,235.0,AA,SNA,ORD,1,0
1275.0,950.0,145.0,AA,SDF,DFW,7,1
1160.0,580.0,70.0,WN,DAL,MAF,6,1
1641.0,670.0,180.0,WN,PHX,PDX,6,0
3894.0,350.0,100.0,MQ,XNA,ORD,2,0
1976.0,1195.0,70.0,WN,DAL,AMA,1,1
487.0,727.0,169.0,F9,MCO,MKE,2,0
3208.0,510.0,50.0,MQ,DFW,GRK,1,0
229.0,375.0,70.0,WN,SMF,BUR,5,0
2958.0,735.0,75.0,DL,DTW,MKE,7,0
3678.0,785.0,65.0,9E,GFK,MSP,1,1
1198.0,500.0,174.0,DL,RSW,DTW,1,0
694.0,750.0,140.0,WN,DEN,MDW,2,1
4586.0,525.0,160.0,MQ,MSP,LGA,3,0
225.0,960.0,125.0,WN,SEA,OAK,7,1
4.0,520.0,299.0,AS,SEA,DCA,4,0
2992.0,1372.0,66.0,DL,ATL,BNA,1,1
64.0,842.0,44.0,AS,JNU,PSG,6,0
2039.0,900.0,115.0,DL,DCA,ATL,2,0
447.0,980.0,70.0,DL,MKE,DTW,7,0
329.0,980.0,120.0,UA,DSM,DEN,2,1
4460.0,690.0,71.0,OO,BZN,SLC,2,0
5576.0,1090.0,89.0,EV,JAN,ATL,4,0
15.0,995.0,195.0,B6,JFK,FLL,1,0
1334.0,530.0,285.0,WN,MDW,SMF,5,1
1918.0,600.0,181.0,DL,DTW,PBI,5,0
675.0,834.0,164.0,FL,MKE,MCO,1,0
3958.0,795.0,100.0,MQ,ORD,ROC,6,1
7032.0,926.0,80.0,OO,YUM,LAX,4,0
1423.0,875.0,132.0,B6,PDX,LGB,5,0
553.0,595.0,235.0,WN,SAN,MDW,4,1
766.0,240.0,169.0,B6,BQN,MCO,4,0
4042.0,425.0,105.0,MQ,SGF,ORD,4,0
2230.0,350.0,160.0,XE,LEX,IAH,6,1
1742.0,769.0,140.0,FL,PIT,MCO,5,0
4839.0,660.0,94.0,OO,ABQ,SLC,7,0
385.0,420.0,215.0,AA,BWI,DFW,5,0
551.0,1079.0,139.0,FL,BUF,ATL,3,0
2525.0,455.0,75.0,XE,IAH,GPT,4,0
7288.0,1310.0,66.0,YV,ORD,DTW,1,1
269.0,15.0,206.0,CO,SFO,IAH,1,1
2046.0,998.0,212.0,DL,PHX,ATL,1,1
30.0,1425.0,314.0,AA,LAX,JFK,1,1
192.0,838.0,237.0,UA,SNA,ORD,5,0
56.0,559.0,76.0,B6,JFK,BTV,4,1
1466.0,1055.0,80.0,WN,BHM,TPA,3,1
812.0,435.0,235.0,AA,SEA,DFW,2,1
813.0,735.0,195.0,AA,AUS,LAX,3,0
1659.0,400.0,70.0,WN,CMH,BWI,3,0
1715.0,590.0,85.0,WN,BOI,SEA,4,0
817.0,565.0,205.0,AA,DFW,BUR,4,0
4753.0,370.0,156.0,OO,TUL,SLC,2,0
3702.0,735.0,160.0,MQ,ORD,DEN,3,0
2236.0,690.0,130.0,DL,MSP,BIL,5,1
2284.0,1030.0,114.0,XE,IAH,TYS,4,0
2274.0,1045.0,60.0,AA,DFW,TUL,4,0
3121.0,880.0,82.0,XE,LIT,IAH,4,0
2857.0,965.0,277.0,DL,ATL,LAS,1,1
5979.0,762.0,96.0,XE,ORD,FSD,5,1
2735.0,400.0,185.0,WN,PHL,TPA,3,1
945.0,1075.0,80.0,WN,PVD,BWI,7,0
2700.0,810.0,150.0,DL,MSP,BWI,7,1
5062.0,487.0,73.0,EV,ATL,GSO,1,0
2301.0,1110.0,186.0,DL,BOS,ATL,3,1
6910.0,1305.0,72.0,OO,DEN,ABQ,2,1
2513.0,385.0,165.0,DL,MSP,ATL,5,0
877.0,455.0,360.0,AS,PDX,HNL,1,1
2790.0,455.0,80.0,WN,HOU,TUL,2,0
1698.0,410.0,90.0,WN,PVD,BWI,6,0
641.0,525.0,74.0,US,PHX,ONT,3,0
6628.0,656.0,147.0,OO,DEN,BHM,3,0
1395.0,900.0,210.0,WN,STL,PHX,2,1
5307.0,831.0,136.0,EV,ATL,HOU,2,0
455.0,1080.0,139.0,F9,LGA,MKE,4,1
2779.0,1120.0,198.0,DL,LGA,FLL,1,0
4041.0,920.0,50.0,MQ,ORD,BMI,7,1
5067.0,657.0,87.0,EV,ATL,MOB,2,0
2616.0,456.0,63.0,YV,CLT,RIC,5,0
1226.0,1089.0,165.0,FL,PIT,FLL,7,1
328.0,1375.0,270.0,FL,SFO,ATL,4,0
882.0,855.0,50.0,WN,BWI,ORF,4,1
1232.0,1085.0,144.0,US,FLL,DCA,7,1
6934.0,360.0,87.0,OO,ORD,TYS,5,0
577.0,565.0,131.0,UA,SEA,SFO,1,1
1527.0,890.0,212.0,CO,BWI,IAH,2,1
3071.0,565.0,60.0,WN,SJC,BUR,1,1
1430.0,1175.0,102.0,FL,BOS,PHF,3,0
558.0,763.0,206.0,UA,DEN,TPA,1,0
1873.0,1220.0,65.0,AA,MCO,MIA,6,1
56.0,717.0,238.0,FL,LAX,ATL,4,0
399.0,555.0,90.0,WN,SNA,SFO,3,0
81.0,590.0,257.0,US,PHX,BWI,4,0
3004.0,790.0,148.0,XE,IAH,MKE,5,1
4618.0,940.0,90.0,OO,DEN,SLC,6,1
628.0,530.0,282.0,CO,EWR,DEN,4,1
5365.0,918.0,150.0,EV,SYR,ATL,5,0
4370.0,1215.0,89.0,9E,ATL,MEM,1,1
2765.0,470.0,110.0,MQ,DFW,DSM,3,0
6989.0,1058.0,141.0,OO,ORF,ORD,3,1
1596.0,1007.0,95.0,FL,TPA,GPT,3,0
2970.0,660.0,84.0,XE,LBB,IAH,5,0
801.0,415.0,255.0,WN,PHX,BWI,6,1
4254.0,1050.0,120.0,9E,STL,RDU,2,0
480.0,861.0,297.0,UA,SFO,PIT,7,0
189.0,1060.0,115.0,WN,PHX,SJC,3,1
1781.0,450.0,80.0,WN,PHL,BOS,5,0
73.0,770.0,96.0,FL,ATL,FLL,5,1
594.0,525.0,165.0,WN,SEA,ABQ,6,0
2513.0,385.0,165.0,DL,MSP,ATL,2,1
365.0,560.0,115.0,AS,SMF,SEA,5,0
2025.0,837.0,138.0,DL,ATL,IAH,2,0
3684.0,540.0,109.0,9E,JFK,BTV,3,1
2447.0,672.0,118.0,XE,IAH,STL,5,1
5189.0,600.0,74.0,EV,ATL,TLH,3,1
1914.0,850.0,130.0,AA,DFW,JAX,1,1
1617.0,360.0,118.0,CO,MCI,IAH,3,1
1568.0,455.0,114.0,US,ORD,CLT,1,0
5359.0,830.0,95.0,EV,CRW,ATL,2,0
270.0,520.0,71.0,US,PHX,LAS,3,0
501.0,650.0,220.0,WN,LAS,MDW,7,1
6251.0,606.0,129.0,OO,DEN,MSN,3,0
2114.0,770.0,202.0,DL,SEA,MSP,3,1
2662.0,470.0,73.0,XE,CLE,DCA,5,0
1588.0,1015.0,80.0,AA,DFW,MSY,6,0
3709.0,1135.0,165.0,9E,CLT,JFK,7,0
371.0,1060.0,156.0,FL,LGA,ATL,7,1
2428.0,1120.0,150.0,WN,TPA,ISP,5,1
212.0,610.0,252.0,CO,IAH,SJU,1,1
1980.0,930.0,65.0,WN,LAX,SJC,3,0
1171.0,460.0,170.0,US,CLT,IAH,7,0
6824.0,401.0,39.0,OO,ORD,SBN,7,1
619.0,1290.0,265.0,AA,ORD,LAX,3,1
343.0,710.0,37.0,HA,HNL,LIH,1,0
6348.0,1072.0,62.0,OO,SFO,FAT,2,1
296.0,759.0,38.0,HA,HNL,OGG,1,0
5028.0,666.0,71.0,EV,ATL,TLH,6,0
325.0,1055.0,85.0,WN,PHX,BUR,3,1
1147.0,1015.0,155.0,AA,DFW,PHX,7,1
3237.0,700.0,170.0,MQ,GSP,DFW,4,0
6728.0,1175.0,143.0,OO,DEN,MKE,2,0
542.0,420.0,80.0,WN,MDW,PIT,3,0
1821.0,420.0,176.0,DL,MIA,JFK,3,0
2724.0,1140.0,73.0,XE,IAH,GRK,2,1
4298.0,575.0,82.0,9E,MEM,GPT,4,0
4584.0,1185.0,130.0,MQ,LGA,CLT,1,0
2295.0,1135.0,78.0,XE,CLE,PHL,1,1
2128.0,450.0,104.0,XE,CLE,BOS,3,1
722.0,960.0,123.0,US,ORD,PHL,4,1
4052.0,380.0,88.0,9E,DAL,MEM,3,1
3029.0,1125.0,140.0,MQ,LAX,DEN,3,1
1656.0,380.0,116.0,US,BUF,CLT,1,0
2646.0,420.0,208.0,DL,PHX,ATL,3,0
4053.0,764.0,130.0,9E,SAV,LGA,4,1
451.0,500.0,135.0,AA,RDU,ORD,2,0
5.0,480.0,60.0,WN,DAL,HOU,4,0
2884.0,50.0,66.0,YV,PHX,ABQ,1,0
4671.0,390.0,82.0,OO,MSO,SLC,5,0
1754.0,930.0,85.0,US,DCA,PHL,5,0
377.0,788.0,168.0,CO,RSW,EWR,6,0
6950.0,360.0,47.0,OO,PSP,LAX,3,0
6595.0,526.0,100.0,OO,SLC,DEN,6,0
720.0,890.0,124.0,US,MIA,CLT,4,0
242.0,1176.0,51.0,HA,HNL,ITO,5,1
888.0,665.0,95.0,UA,SFO,LAX,3,0
1757.0,725.0,170.0,AA,LGA,STL,5,0
1377.0,510.0,82.0,DL,BOS,LGA,5,0
5149.0,370.0,95.0,EV,OKC,MEM,2,1
2967.0,570.0,88.0,XE,IAH,LBB,3,0
763.0,595.0,186.0,US,PHL,MIA,7,0
2488.0,996.0,138.0,XE,IAH,CLT,7,1
5151.0,870.0,76.0,EV,TRI,ATL,2,0
95.0,1015.0,400.0,B6,JFK,OAK,5,1
144.0,423.0,165.0,UA,SFO,DEN,1,0
6736.0,574.0,76.0,OO,RAP,DEN,6,0
1722.0,951.0,115.0,DL,DTW,BOS,5,0
6946.0,450.0,50.0,OO,COS,DEN,6,0
2284.0,1035.0,115.0,XE,IAH,TYS,4,1
1415.0,990.0,170.0,AA,TPA,DFW,2,1
837.0,950.0,105.0,WN,SEA,SMF,7,0
1244.0,375.0,130.0,DL,HOU,ATL,6,0
1728.0,1095.0,165.0,CO,IAH,TUS,3,0
1812.0,1170.0,355.0,AA,MIA,LAX,1,1
2186.0,625.0,210.0,WN,DEN,MCO,6,1
382.0,855.0,85.0,WN,LAS,SJC,7,0
3825.0,1020.0,66.0,9E,SGF,MEM,7,0
1077.0,705.0,123.0,US,DCA,JAX,1,1
659.0,420.0,119.0,UA,ORD,EWR,7,0
644.0,880.0,68.0,US,LAS,PHX,7,0
189.0,1165.0,100.0,WN,MHT,PHL,3,1
377.0,809.0,182.0,B6,LGA,FLL,6,0
1890.0,1020.0,230.0,AA,LAX,ORD,7,1
3064.0,1195.0,45.0,MQ,SAN,LAX,6,0
442.0,1100.0,128.0,UA,ORD,BDL,5,1
6864.0,1040.0,135.0,OO,SLC,SFO,3,1
399.0,465.0,60.0,WN,LAS,SNA,3,0
3003.0,765.0,130.0,XE,BNA,IAH,4,0
1245.0,1080.0,70.0,AA,MCO,MIA,7,1
1606.0,1240.0,108.0,US,PHL,DTW,2,0
1141.0,480.0,173.0,FL,FLL,ABE,2,0
4750.0,980.0,104.0,OO,ONT,SLC,1,0
1091.0,960.0,185.0,AA,DFW,SAN,3,0
1016.0,1148.0,76.0,B6,JFK,BOS,4,1
5122.0,516.0,137.0,EV,DTW,MCI,1,0
1290.0,1050.0,185.0,AA,STX,MIA,5,1
7279.0,806.0,123.0,YV,ORD,ATL,5,0
578.0,1050.0,80.0,WN,SMF,LAX,5,1
1752.0,1010.0,55.0,WN,DAL,AUS,1,1
6357.0,510.0,43.0,OO,LAX,SBA,5,1
5034.0,695.0,80.0,EV,VLD,ATL,1,0
1944.0,415.0,95.0,WN,SAN,OAK,4,0
1134.0,880.0,80.0,WN,ONT,SMF,1,1
2139.0,1080.0,81.0,US,BOS,LGA,1,0
4219.0,741.0,101.0,9E,ROA,DTW,3,1
109.0,515.0,185.0,WN,DEN,SEA,2,0
1842.0,335.0,138.0,DL,SAT,ATL,4,0
3408.0,1180.0,70.0,WN,LAS,TUS,4,1
1172.0,565.0,205.0,AA,PHX,ORD,1,0
1434.0,380.0,145.0,AA,DFW,MCO,7,1
596.0,1195.0,153.0,US,PHX,MCI,4,0
1186.0,1019.0,136.0,CO,ORD,EWR,4,1
2135.0,845.0,155.0,WN,MCO,PVD,6,0
6833.0,360.0,59.0,OO,FAT,LAX,3,0
3602.0,925.0,100.0,MQ,CHS,MIA,2,0
1869.0,1145.0,133.0,US,SYR,CLT,4,0
1774.0,1335.0,98.0,US,CLT,DTW,3,0
1385.0,680.0,65.0,WN,OAK,BUR,2,0
977.0,735.0,159.0,US,PHL,PBI,1,0
3586.0,1185.0,80.0,WN,SAN,SJC,2,1
5227.0,1140.0,70.0,EV,ATL,ECP,2,1
1223.0,370.0,82.0,US,SYR,DCA,3,0
1605.0,500.0,175.0,DL,DTW,MCO,5,0
3107.0,1155.0,95.0,WN,MCI,DAL,5,1
1255.0,1255.0,55.0,WN,SAT,DAL,4,1
1010.0,839.0,78.0,B6,JFK,BOS,7,0
1018.0,675.0,92.0,DL,MSY,ATL,7,1
2621.0,390.0,147.0,XE,EWR,SDF,4,1
4723.0,905.0,115.0,OO,SLC,LGB,2,0
1253.0,490.0,55.0,WN,TPA,PBI,3,0
225.0,505.0,154.0,F9,DEN,SMF,1,1
2983.0,1050.0,130.0,WN,GEG,OAK,7,0
478.0,360.0,70.0,WN,LAS,PHX,2,1
2699.0,490.0,202.0,DL,BOS,MSP,6,0
642.0,1040.0,70.0,AA,SAT,DFW,1,0
1300.0,1210.0,80.0,AA,DFW,MEM,3,0
1857.0,1010.0,95.0,WN,ELP,DAL,6,1
2028.0,630.0,79.0,US,DCA,BOS,2,1
267.0,715.0,165.0,UA,ORD,DEN,7,0
1374.0,850.0,185.0,AA,ORD,MIA,7,1
41.0,810.0,95.0,WN,ABQ,DAL,1,1
660.0,635.0,175.0,WN,HOU,PHX,7,0
899.0,1020.0,225.0,WN,DEN,BDL,3,1
2094.0,420.0,112.0,DL,MLB,ATL,1,0
6476.0,1218.0,102.0,OO,BIS,DEN,2,1
191.0,935.0,320.0,US,PHL,PHX,5,0
1457.0,840.0,133.0,DL,SLC,SEA,3,1
340.0,1160.0,165.0,WN,FLL,ISP,7,0
4525.0,735.0,85.0,OO,MCI,MSP,5,0
2155.0,1035.0,300.0,DL,ATL,LAX,4,0
1011.0,505.0,40.0,YV,KOA,HNL,7,0
567.0,990.0,175.0,WN,PHL,TPA,2,0
7212.0,870.0,78.0,YV,ROC,IAD,6,0
2674.0,450.0,90.0,XE,IAH,TUL,2,0
1123.0,490.0,144.0,US,ALB,CLT,3,1
1603.0,1315.0,286.0,DL,ATL,LAS,6,0
3032.0,470.0,144.0,XE,IAH,CLT,3,1
301.0,887.0,49.0,HA,ITO,HNL,5,1
2670.0,540.0,125.0,DL,ATL,FNT,3,0
1724.0,1275.0,71.0,US,DCA,PVD,5,1
2432.0,490.0,139.0,XE,IAH,PBI,7,1
5897.0,920.0,113.0,XE,ORD,FAR,1,1
1081.0,1060.0,70.0,WN,PHX,ONT,5,1
238.0,1435.0,390.0,AA,LAX,SJU,6,0
907.0,1025.0,292.0,UA,ORD,SFO,3,0
110.0,1210.0,249.0,UA,ORD,LAS,4,0
277.0,435.0,190.0,WN,LAX,MCI,2,1
36.0,421.0,94.0,UA,SFO,SAN,5,0
36.0,421.0,94.0,UA,SFO,SAN,1,0
732.0,930.0,98.0,US,MCO,CLT,7,1
2386.0,1000.0,141.0,DL,ATL,LGA,1,0
2435.0,440.0,118.0,XE,IAH,JAX,2,1
2431.0,755.0,118.0,DL,LGA,DTW,7,0
727.0,530.0,145.0,FL,MKE,DFW,4,0
1097.0,1125.0,85.0,WN,PHX,BUR,1,1
2116.0,700.0,50.0,WN,PBI,TPA,4,0
2888.0,790.0,133.0,YV,PHX,AUS,2,0
2942.0,1130.0,115.0,MQ,DFW,CMI,5,0
126.0,1200.0,85.0,WN,BNA,CLE,5,1
1629.0,735.0,227.0,CO,IAH,SNA,5,1
6506.0,790.0,164.0,OH,MSP,DFW,7,1
5142.0,572.0,80.0,EV,ATL,ILM,5,1
1794.0,1385.0,238.0,US,LAS,CLT,7,0
1016.0,810.0,155.0,WN,DEN,LAX,4,1
1937.0,515.0,240.0,AA,BOS,SJU,4,0
6479.0,930.0,145.0,OO,LIT,DEN,2,0
500.0,530.0,180.0,WN,SAN,HOU,1,1
6729.0,1171.0,100.0,OO,DEN,XNA,5,0
159.0,1155.0,100.0,FL,IND,BWI,3,0
2088.0,1135.0,155.0,DL,MSP,PHL,5,1
1206.0,650.0,160.0,B6,RSW,HPN,2,1
1122.0,400.0,200.0,WN,DTW,DEN,1,1
1712.0,1032.0,288.0,CO,SJU,IAH,7,1
4094.0,525.0,110.0,MQ,ORD,SYR,4,0
834.0,893.0,152.0,F9,SEA,DEN,2,1
242.0,655.0,235.0,CO,PDX,IAH,4,0
4244.0,540.0,80.0,MQ,DSM,ORD,5,0
5593.0,802.0,177.0,EV,ELP,ATL,2,1
2612.0,1086.0,69.0,YV,CHS,CLT,7,1
1044.0,580.0,47.0,YV,ITO,HNL,5,0
6282.0,725.0,92.0,OH,ATL,CVG,5,0
5.0,850.0,97.0,DL,DTW,BWI,3,1
2212.0,1100.0,61.0,XE,IAH,BTR,3,0
285.0,1265.0,134.0,FL,ATL,HOU,1,0
4312.0,425.0,60.0,MQ,FWA,ORD,5,0
6297.0,1167.0,92.0,OO,BIL,DEN,1,0
1599.0,1319.0,107.0,DL,ATL,PIT,6,1
258.0,772.0,132.0,FL,FNT,ATL,5,0
5465.0,925.0,145.0,EV,DTW,TUL,2,1
2207.0,1105.0,80.0,WN,ELP,PHX,6,1
167.0,1020.0,187.0,B6,JFK,TPA,2,0
2697.0,593.0,72.0,XE,ROC,EWR,2,0
599.0,425.0,130.0,WN,PHX,SMF,4,0
1925.0,1065.0,170.0,AA,DFW,SLC,7,1
7217.0,389.0,157.0,YV,BTV,ORD,4,0
1079.0,920.0,360.0,DL,MSP,ANC,5,0
874.0,1150.0,135.0,AA,ORD,BOS,2,1
3828.0,740.0,110.0,MQ,ORD,DCA,5,0
5262.0,835.0,93.0,EV,DCA,BOS,4,1
6239.0,697.0,74.0,OO,DEN,ABQ,6,0
1547.0,586.0,170.0,AA,TPA,DFW,1,1
5928.0,360.0,95.0,XE,TYS,IAD,5,0
6552.0,590.0,99.0,OH,CHA,DTW,7,0
3091.0,790.0,170.0,WN,DEN,SFO,7,1
5014.0,1175.0,100.0,EV,ATL,PHF,5,1
965.0,1034.0,206.0,UA,IAD,IAH,7,1
49.0,830.0,65.0,WN,PHX,ABQ,3,1
2566.0,535.0,224.0,DL,SAT,JFK,7,0
4033.0,1075.0,107.0,9E,PWM,LGA,2,0
232.0,630.0,150.0,F9,DEN,BNA,7,0
118.0,435.0,325.0,AA,LAX,JFK,7,0
532.0,605.0,136.0,UA,ORD,BOS,4,0
564.0,1340.0,108.0,FL,ATL,BMI,5,1
1656.0,950.0,115.0,AA,DFW,SDF,4,0
6532.0,535.0,206.0,OO,CLE,DEN,5,0
1561.0,840.0,147.0,DL,PHL,ATL,3,0
2643.0,937.0,155.0,DL,EWR,ATL,4,1
350.0,485.0,155.0,WN,MDW,MCO,5,1
865.0,1240.0,154.0,US,PHL,MCO,7,1
555.0,1235.0,33.0,HA,OGG,HNL,3,0
2680.0,981.0,113.0,YV,LIT,CLT,5,0
2052.0,375.0,95.0,DL,MSY,ATL,3,0
27.0,1235.0,65.0,WN,BWI,BDL,1,1
2798.0,875.0,149.0,DL,ATL,PWM,4,0
6557.0,1075.0,183.0,OH,JFK,ORD,3,0
2588.0,510.0,327.0,DL,ATL,SMF,4,0
6621.0,969.0,113.0,OO,DEN,MLI,1,0
1883.0,580.0,110.0,WN,BHM,BWI,5,1
280.0,935.0,32.0,HA,OGG,KOA,5,1
3279.0,835.0,50.0,MQ,DFW,GRK,7,1
380.0,830.0,90.0,WN,MSP,MDW,1,1
2444.0,999.0,117.0,XE,CHS,EWR,6,1
447.0,645.0,165.0,CO,ORD,IAH,6,1
2903.0,420.0,140.0,MQ,VPS,DFW,6,0
465.0,755.0,155.0,WN,MCI,TPA,1,0
1935.0,420.0,81.0,US,BUF,PHL,6,0
6498.0,448.0,87.0,OO,MCI,ORD,2,1
4324.0,360.0,82.0,9E,DCA,JFK,2,0
3651.0,1255.0,130.0,MQ,MIA,TYS,2,1
798.0,1146.0,138.0,F9,PDX,DEN,1,1
2291.0,695.0,225.0,WN,SAN,BNA,7,1
3864.0,405.0,100.0,WN,SNA,OAK,4,0
1831.0,1335.0,60.0,AA,MIA,TPA,2,1
4584.0,710.0,94.0,OO,RAP,MSP,3,1
1671.0,1100.0,160.0,WN,MDW,MCO,4,0
1814.0,605.0,215.0,WN,LAX,MSY,1,1
6839.0,966.0,103.0,OO,ORD,MEM,7,1
501.0,595.0,160.0,AA,DFW,PHX,1,1
1677.0,1240.0,75.0,WN,LAX,SFO,7,1
181.0,615.0,205.0,WN,HOU,LAS,1,0
4649.0,1130.0,180.0,MQ,LGA,MSP,6,0
2913.0,810.0,110.0,MQ,DFW,VPS,4,0
234.0,1340.0,289.0,CO,SEA,EWR,6,1
80.0,688.0,117.0,FL,FLL,ATL,7,1
4069.0,1030.0,75.0,9E,MSP,OMA,4,1
125.0,1430.0,362.0,US,HNL,PHX,4,0
1077.0,1059.0,221.0,CO,PHL,IAH,2,0
63.0,721.0,451.0,UA,DEN,OGG,6,1
166.0,740.0,38.0,HA,HNL,OGG,2,0
1568.0,705.0,221.0,US,CLT,SJU,4,1
1484.0,642.0,157.0,FL,MCO,DTW,6,0
191.0,435.0,349.0,B6,JFK,LAS,5,0
3808.0,615.0,60.0,9E,DTW,DAY,6,0
6684.0,360.0,110.0,OO,MEM,ORD,2,0
2404.0,540.0,65.0,AA,LAS,LAX,5,0
6314.0,1115.0,114.0,OH,JAX,DCA,2,0
324.0,1315.0,95.0,AA,DFW,BNA,1,0
1615.0,645.0,284.0,DL,ATL,LAS,7,0
1041.0,950.0,49.0,YV,HNL,ITO,5,0
4600.0,840.0,183.0,OO,SLC,IAH,3,1
2426.0,660.0,127.0,XE,ORD,EWR,3,0
6987.0,900.0,90.0,OO,DLH,ORD,1,1
7259.0,506.0,167.0,YV,IAD,MCI,4,0
6858.0,1176.0,146.0,OO,DEN,HSV,1,1
1489.0,970.0,75.0,DL,ATL,CHS,5,0
4665.0,1290.0,54.0,OO,SLC,IDA,4,0
1748.0,1075.0,95.0,WN,SAN,SMF,4,1
3706.0,665.0,103.0,9E,ATL,MSY,6,0
143.0,650.0,37.0,HA,HNL,LIH,5,1
3640.0,425.0,170.0,MQ,CMH,MIA,3,0
1419.0,580.0,370.0,US,PHL,LAX,4,0
48.0,1160.0,60.0,WN,DAL,LIT,4,1
661.0,1095.0,110.0,AA,MEM,DFW,1,0
2071.0,666.0,97.0,DL,SLC,PHX,3,1
4597.0,870.0,90.0,MQ,RDU,LGA,3,0
3756.0,375.0,80.0,WN,LAX,SMF,3,0
2136.0,1020.0,72.0,US,LGA,BOS,2,0
271.0,1294.0,145.0,UA,DEN,ONT,3,0
481.0,795.0,115.0,AA,DEN,DFW,7,0
1254.0,535.0,205.0,WN,DEN,BWI,6,0
407.0,645.0,228.0,US,ORD,PHX,2,0
1243.0,900.0,137.0,B6,BOS,CLT,1,0
2240.0,440.0,146.0,XE,IAH,RDU,5,0
1484.0,642.0,157.0,FL,MCO,DTW,1,0
1083.0,390.0,210.0,AA,IAD,DFW,4,0
1999.0,380.0,90.0,DL,MCI,MEM,5,1
5153.0,735.0,68.0,EV,ATL,MYR,6,1
782.0,596.0,120.0,FL,PHF,MCO,6,0
5380.0,1045.0,68.0,EV,ATL,BNA,1,1
3680.0,660.0,125.0,MQ,MIA,GSO,4,1
5283.0,755.0,74.0,EV,TLH,ATL,7,1
270.0,360.0,172.0,US,IAH,PHX,6,0
6553.0,1050.0,98.0,OO,SFO,MFR,4,1
766.0,420.0,110.0,F9,LAS,DEN,7,0
6917.0,973.0,69.0,OO,ORD,LEX,3,1
2366.0,725.0,125.0,XE,IAH,TPA,1,0
812.0,510.0,95.0,FL,BOS,BWI,1,1
1915.0,570.0,105.0,AA,MCI,DFW,7,0
2461.0,830.0,65.0,WN,AMA,DAL,3,1
2712.0,1145.0,285.0,WN,MDW,SEA,1,1
4322.0,480.0,145.0,9E,BNA,MSP,1,0
462.0,980.0,145.0,AA,MIA,DCA,3,0
6593.0,481.0,95.0,OO,DEN,BIL,4,1
1637.0,565.0,235.0,AA,ORD,TUS,4,0
25.0,886.0,106.0,FL,MDW,ATL,2,0
3104.0,1106.0,174.0,XE,CRW,IAH,7,1
4193.0,980.0,60.0,9E,CVG,TYS,5,0
7307.0,420.0,150.0,EV,BOS,DTW,3,0
1450.0,939.0,100.0,CO,CLE,LGA,2,0
1739.0,1080.0,115.0,DL,DCA,ATL,2,0
5989.0,761.0,44.0,XE,SBN,ORD,1,1
1118.0,1090.0,129.0,US,CLT,PWM,3,0
6520.0,1302.0,165.0,OH,LGA,BHM,7,0
5978.0,1128.0,69.0,XE,IAD,BUF,6,1
3157.0,805.0,130.0,MQ,SAF,LAX,2,0
567.0,1065.0,230.0,AA,DFW,SFO,1,1
2772.0,1120.0,131.0,DL,MEM,MSP,6,0
6606.0,1165.0,56.0,OH,DTW,AZO,3,1
1624.0,885.0,245.0,AA,LAX,ORD,4,1
163.0,570.0,265.0,WN,STL,SEA,5,1
5424.0,520.0,71.0,EV,AVL,ATL,3,0
3768.0,360.0,165.0,MQ,EWR,ORD,3,0
2374.0,1058.0,151.0,DL,MSY,DTW,5,0
4793.0,1040.0,46.0,OO,MSP,DLH,2,1
589.0,1000.0,55.0,AA,DFW,OKC,3,0
578.0,1050.0,80.0,WN,SMF,LAX,2,1
6460.0,600.0,89.0,OH,JFK,BOS,3,1
3008.0,910.0,75.0,WN,OAK,LAX,6,1
2164.0,965.0,125.0,XE,EWR,CHS,1,1
548.0,775.0,135.0,AA,ORD,BOS,6,1
6296.0,681.0,137.0,OO,ONT,DEN,1,0
7270.0,1165.0,79.0,YV,EWR,IAD,5,0
5277.0,925.0,144.0,EV,DTW,JAX,2,1
3049.0,695.0,85.0,OO,MKE,PIT,5,1
6615.0,683.0,120.0,OO,DEN,GTF,1,0
3850.0,445.0,68.0,9E,DTW,PIT,2,1
877.0,500.0,210.0,AA,DCA,DFW,5,1
2514.0,610.0,59.0,DL,DTW,GRR,1,1
1824.0,590.0,140.0,WN,ORF,MDW,1,1
4206.0,1035.0,135.0,9E,ICT,ATL,3,1
5524.0,1038.0,119.0,EV,ORF,ATL,5,0
1759.0,907.0,150.0,B6,FLL,SJU,4,1
1662.0,1170.0,126.0,CO,IAH,RSW,6,0
30.0,535.0,112.0,FL,ATL,MDW,5,0
3498.0,1190.0,115.0,WN,STL,BWI,7,1
53.0,880.0,190.0,CO,LAX,IAH,4,1
6226.0,855.0,47.0,OO,SMF,SFO,2,1
2765.0,757.0,117.0,DL,RDU,DTW,2,0
4604.0,1265.0,100.0,MQ,LGA,RDU,5,0
2027.0,915.0,111.0,DL,ATL,FLL,4,1
1554.0,860.0,261.0,DL,LAX,ATL,3,1
2808.0,585.0,90.0,WN,SLC,DEN,4,1
6642.0,352.0,38.0,OO,MOD,SFO,4,0
3652.0,890.0,155.0,MQ,SDF,MIA,2,1
178.0,905.0,110.0,WN,SMF,PHX,3,1
2005.0,1135.0,240.0,DL,CVG,SLC,3,1
593.0,670.0,163.0,B6,HPN,MCO,5,0
6269.0,1034.0,122.0,OO,SEA,SFO,2,0
1768.0,1145.0,90.0,WN,MCI,DAL,5,1
3755.0,515.0,109.0,9E,DTW,RST,5,1
4117.0,370.0,110.0,MQ,TRI,ORD,7,1
4338.0,940.0,80.0,MQ,ORD,DTW,1,0
2126.0,610.0,128.0,XE,IAH,OMA,1,0
223.0,49.0,201.0,CO,ANC,SEA,5,1
6912.0,920.0,60.0,OO,IAD,PIT,4,1
6473.0,1140.0,123.0,OH,CVG,EWR,2,0
624.0,1085.0,111.0,UA,ORD,DCA,3,0
3915.0,580.0,85.0,WN,BNA,MDW,5,1
5092.0,1230.0,74.0,EV,ATL,FAY,1,0
860.0,550.0,340.0,AS,HNL,SEA,5,0
4328.0,690.0,110.0,MQ,ORD,LIT,5,0
6402.0,848.0,76.0,OO,BUR,SFO,2,1
984.0,780.0,85.0,WN,LAS,SJC,3,1
2490.0,785.0,153.0,DL,MSP,ATL,6,0
3990.0,960.0,75.0,MQ,ORD,DAY,5,1
6489.0,990.0,165.0,OH,CVG,DFW,2,1
123.0,960.0,170.0,DL,JFK,ATL,4,1
2089.0,625.0,146.0,DL,MSP,BWI,7,1
2787.0,1095.0,117.0,XE,VPS,IAH,6,0
1126.0,745.0,119.0,B6,FLL,RDU,4,0
4275.0,360.0,55.0,MQ,MSN,ORD,5,0
518.0,1045.0,182.0,CO,EWR,TPA,4,0
181.0,510.0,374.0,B6,JFK,SAN,5,1
3403.0,405.0,135.0,WN,HOU,ABQ,1,0
6477.0,760.0,85.0,OO,LAX,SMF,4,1
7068.0,1048.0,88.0,EV,IAD,GSP,6,0
1018.0,1185.0,35.0,YV,HNL,OGG,2,1
96.0,375.0,85.0,FL,RDU,ATL,4,0
2810.0,375.0,60.0,MQ,SHV,DFW,4,0
1738.0,953.0,101.0,DL,SRQ,ATL,2,1
675.0,810.0,240.0,WN,MDW,PHX,1,1
751.0,1210.0,116.0,FL,BWI,HSV,2,0
1051.0,690.0,124.0,US,LGA,CLT,6,0
2347.0,555.0,179.0,XE,MSP,IAH,1,1
2.0,400.0,430.0,CO,GUM,HNL,3,0
2797.0,515.0,60.0,MQ,DFW,FSM,4,1
4530.0,823.0,141.0,OO,SLC,OKC,3,1
2963.0,690.0,65.0,WN,LAS,BUR,3,1
6523.0,614.0,43.0,OO,LAX,CLD,1,0
307.0,1095.0,300.0,US,CLT,LAS,6,0
6442.0,775.0,162.0,OO,LAX,OKC,6,0
6595.0,895.0,180.0,OH,JFK,ORD,6,1
1637.0,1110.0,104.0,DL,BWI,DTW,1,1
3598.0,1140.0,95.0,WN,DEN,MCI,4,1
3368.0,510.0,80.0,MQ,LIT,DFW,6,0
3027.0,1200.0,65.0,MQ,LAX,MRY,4,0
510.0,630.0,165.0,AS,SEA,SNA,6,0
6310.0,1167.0,53.0,OO,LAX,PSP,5,1
6879.0,1247.0,46.0,OO,SEA,PDX,1,0
199.0,440.0,162.0,CO,IAH,DEN,4,1
2995.0,325.0,79.0,DL,BNA,ATL,2,1
5113.0,595.0,65.0,EV,ATL,DHN,3,0
99.0,1140.0,204.0,DL,JFK,FLL,3,0
1013.0,395.0,155.0,WN,PDX,PHX,1,0
175.0,545.0,34.0,HA,OGG,HNL,7,0
2061.0,955.0,65.0,WN,LAX,SJC,6,1
749.0,520.0,120.0,DL,SLC,SAN,7,0
1520.0,725.0,300.0,AA,LAX,MIA,6,1
552.0,540.0,159.0,AS,SEA,PSP,2,0
7065.0,737.0,92.0,EV,IAD,PWM,3,0
2082.0,685.0,133.0,XE,IAH,ABQ,1,0
201.0,433.0,49.0,HA,ITO,HNL,3,0
2852.0,505.0,65.0,WN,ONT,PHX,6,0
6826.0,484.0,74.0,OO,SFO,ONT,3,0
2038.0,405.0,95.0,WN,ELP,DAL,2,0
1558.0,1300.0,322.0,DL,HNL,LAX,5,1
742.0,985.0,205.0,AA,DFW,LGA,7,1
2918.0,510.0,64.0,XE,DCA,EWR,6,0
6637.0,870.0,72.0,OH,MEM,XNA,1,0
2958.0,577.0,123.0,DL,CLT,DTW,2,0
929.0,1175.0,75.0,WN,ALB,BWI,7,1
1192.0,815.0,160.0,AA,DFW,ORF,5,1
6338.0,1033.0,42.0,OO,SAN,LAX,2,1
890.0,1215.0,90.0,WN,SAN,SFO,4,1
4250.0,410.0,135.0,MQ,AVP,ORD,3,1
7305.0,575.0,71.0,EV,MEM,STL,7,0
2109.0,870.0,119.0,XE,EWR,DTW,4,0
6430.0,1115.0,161.0,OO,LAX,SAT,4,0
632.0,1290.0,165.0,WN,MDW,DEN,2,1
2014.0,915.0,117.0,DL,CVG,LGA,4,0
1569.0,738.0,111.0,DL,RIC,ATL,2,0
575.0,815.0,154.0,AS,SAN,PDX,1,1
3324.0,660.0,90.0,MQ,SGF,DFW,4,0
6425.0,946.0,131.0,OO,SAT,DEN,2,0
669.0,1095.0,254.0,AS,AUS,SEA,4,0
6454.0,455.0,95.0,OH,CVG,DCA,7,0
1025.0,500.0,70.0,WN,PHX,ELP,4,0
2850.0,1155.0,70.0,YV,YUM,PHX,7,0
2265.0,450.0,160.0,AA,PHL,ORD,3,0
2585.0,505.0,80.0,DL,ATL,PNS,3,1
2026.0,760.0,170.0,AA,SNA,DFW,4,0
6436.0,715.0,170.0,OO,ORD,ASE,1,1
235.0,510.0,106.0,US,DTW,CLT,7,1
564.0,1340.0,108.0,FL,ATL,BMI,3,1
5528.0,1231.0,73.0,EV,ATL,MYR,2,0
4391.0,345.0,56.0,9E,MBS,DTW,1,1
718.0,1145.0,295.0,WN,MDW,SJC,5,1
6604.0,740.0,69.0,OO,SFO,RDD,6,1
3785.0,1240.0,165.0,MQ,ORD,IAH,6,1
981.0,499.0,206.0,UA,IAD,IAH,5,1
6718.0,450.0,163.0,OH,DFW,DTW,7,0
1179.0,615.0,130.0,WN,DEN,SAT,5,0
1392.0,695.0,70.0,WN,LAS,BUR,5,0
1083.0,390.0,210.0,AA,IAD,DFW,2,0
2080.0,940.0,55.0,XE,IAH,SHV,5,1
201.0,433.0,49.0,HA,ITO,HNL,2,1
3876.0,810.0,99.0,9E,MLI,DTW,2,0
6567.0,1205.0,164.0,OO,ORD,COS,4,1
249.0,430.0,190.0,WN,SAT,BWI,1,0
6423.0,1240.0,46.0,OO,SEA,PDX,1,0
2195.0,720.0,94.0,XE,MOB,IAH,5,1
2660.0,385.0,102.0,XE,XNA,IAH,6,0
520.0,940.0,142.0,AS,SEA,BUR,7,0
2809.0,680.0,159.0,DL,CVG,FLL,2,1
447.0,1070.0,387.0,UA,PHL,SFO,2,0
1413.0,622.0,151.0,DL,BOS,CVG,6,0
84.0,1045.0,150.0,DL,ATL,JFK,7,0
366.0,800.0,267.0,UA,LAS,IAD,3,0
2433.0,972.0,138.0,DL,BUF,ATL,1,1
3083.0,445.0,153.0,XE,IAH,MKE,5,0
5506.0,1020.0,64.0,EV,MGM,ATL,6,0
6619.0,360.0,82.0,OO,ACV,SFO,4,0
4995.0,970.0,95.0,EV,ATL,MLU,2,1
5897.0,722.0,138.0,XE,SYR,ORD,4,1
3257.0,930.0,145.0,MQ,DFW,MKE,3,1
6628.0,420.0,133.0,OH,DFW,CVG,2,0
1557.0,755.0,170.0,AA,BOS,ORD,6,0
6447.0,495.0,197.0,OO,HSV,DEN,1,1
4140.0,665.0,90.0,MQ,ORD,MCI,5,0
2786.0,1180.0,140.0,DL,ATL,LGA,5,0
798.0,405.0,90.0,WN,LAS,SMF,3,0
7257.0,1195.0,119.0,YV,ORD,CHS,5,1
477.0,845.0,110.0,AA,DFW,ABQ,3,0
299.0,490.0,350.0,AA,MIA,LAX,1,1
6600.0,640.0,145.0,OH,STL,JFK,5,1
4195.0,523.0,97.0,9E,DTW,LSE,6,0
2731.0,360.0,165.0,MQ,CVG,DFW,1,0
882.0,565.0,337.0,AS,KOA,SEA,4,0
187.0,881.0,42.0,HA,KOA,HNL,3,0
190.0,1145.0,143.0,CO,IAH,MIA,1,1
489.0,489.0,83.0,UA,CVG,ORD,1,1
2710.0,897.0,82.0,YV,ELP,PHX,2,0
1827.0,915.0,65.0,AA,AUS,DFW,5,1
406.0,810.0,95.0,UA,BIL,DEN,5,1
1402.0,420.0,122.0,DL,TPA,MEM,3,0
654.0,680.0,270.0,WN,CMH,PHX,4,0
1566.0,1165.0,75.0,WN,SMF,ONT,4,1
2079.0,540.0,86.0,XE,IAH,MAF,5,1
5303.0,1245.0,62.0,EV,ATL,MGM,6,0
1499.0,715.0,175.0,AA,TPA,DFW,4,1
4554.0,380.0,88.0,OO,GTF,SLC,5,1
254.0,650.0,85.0,WN,LAS,ABQ,3,1
1206.0,420.0,131.0,FL,RIC,MCO,3,0
583.0,885.0,170.0,AA,MIA,STL,5,0
4523.0,990.0,80.0,MQ,BOS,LGA,1,1
3748.0,565.0,79.0,9E,MEM,FSM,6,0
4371.0,735.0,142.0,9E,SAV,DTW,4,0
4463.0,1040.0,96.0,OO,DEN,SLC,4,1
1909.0,375.0,146.0,DL,FNT,ATL,2,0
3326.0,810.0,155.0,MQ,TYS,DFW,1,1
4003.0,685.0,74.0,9E,BHM,MEM,4,0
1711.0,330.0,210.0,AA,BOS,MIA,6,0
5467.0,540.0,61.0,EV,BHM,ATL,7,1
3127.0,1100.0,100.0,XE,IAH,LBB,3,0
1872.0,785.0,158.0,CO,MCO,IAH,6,0
5319.0,1155.0,77.0,EV,ATL,VPS,3,1
2032.0,750.0,84.0,US,DCA,BOS,1,0
434.0,525.0,124.0,FL,ATL,MKE,7,0
7004.0,730.0,58.0,OO,DEN,GJT,4,1
406.0,822.0,92.0,UA,BIL,DEN,1,0
1923.0,755.0,85.0,AA,SFO,LAX,4,1
20.0,764.0,97.0,UA,DEN,TUL,4,0
6445.0,580.0,125.0,OH,JFK,RDU,4,1
95.0,935.0,333.0,DL,JFK,SLC,6,1
2450.0,840.0,70.0,WN,LAS,SNA,4,1
1032.0,720.0,90.0,AA,DFW,MCI,2,1
3795.0,345.0,65.0,9E,SBN,CVG,5,1
1790.0,390.0,85.0,B6,DCA,BOS,4,0
5920.0,1197.0,74.0,XE,CLE,IAD,3,1
560.0,870.0,135.0,DL,BOS,DTW,3,1
4300.0,681.0,93.0,9E,PNS,MEM,3,0
654.0,365.0,120.0,WN,DEN,PHX,4,0
3578.0,360.0,135.0,WN,HOU,ABQ,3,1
6751.0,878.0,149.0,OO,MSY,ORD,1,0
2935.0,1025.0,58.0,XE,AEX,IAH,5,0
6975.0,360.0,139.0,OO,DFW,ORD,1,0
5168.0,755.0,55.0,EV,ATL,AVL,3,0
1289.0,605.0,105.0,WN,SMF,PHX,4,0
151.0,370.0,80.0,WN,PIT,PHL,1,0
469.0,655.0,105.0,UA,SFO,LAS,5,1
5596.0,1168.0,132.0,EV,ATL,MKE,1,1
3326.0,925.0,110.0,WN,MCO,MSY,1,1
17.0,595.0,277.0,UA,ORD,PDX,1,0
3073.0,510.0,360.0,WN,BWI,SAN,3,0
5251.0,1170.0,150.0,EV,ATL,GRK,4,0
480.0,1070.0,165.0,AA,SAN,DFW,7,1
611.0,585.0,85.0,WN,BUR,PHX,3,1
894.0,700.0,115.0,WN,TPA,ORF,5,0
7046.0,612.0,90.0,OO,DEN,TUL,1,0
1349.0,1100.0,60.0,AA,OKC,DFW,6,0
1069.0,1230.0,261.0,B6,JFK,AUS,3,1
2056.0,622.0,119.0,XE,MCI,IAH,6,0
3272.0,455.0,135.0,MQ,PIA,DFW,7,1
4013.0,350.0,95.0,MQ,LEX,ORD,3,0
4380.0,1180.0,62.0,9E,DTW,SBN,1,0
4299.0,615.0,114.0,9E,DTW,CAE,6,1
3012.0,955.0,145.0,MQ,LAX,DEN,3,1
764.0,1125.0,194.0,AA,DFW,LGA,4,1
18.0,845.0,111.0,DL,DTW,LGA,7,0
168.0,625.0,43.0,HA,HNL,KOA,1,0
69.0,848.0,365.0,UA,LAX,LIH,3,0
6964.0,440.0,50.0,OO,PDX,SEA,2,1
6679.0,1045.0,126.0,OH,SYR,CVG,4,0
451.0,630.0,290.0,AA,ORD,SFO,7,1
2572.0,538.0,92.0,DL,STL,DTW,4,0
823.0,750.0,75.0,FL,BWI,BOS,1,0
323.0,1306.0,36.0,HA,HNL,LIH,3,0
684.0,770.0,365.0,WN,PVD,PHX,4,1
1791.0,780.0,140.0,WN,AUS,DEN,5,1
425.0,505.0,170.0,WN,MDW,HOU,4,0
6360.0,370.0,107.0,OH,MDT,DTW,5,0
1472.0,676.0,93.0,DL,TPA,ATL,7,0
401.0,805.0,150.0,WN,LGA,MDW,7,1
47.0,1145.0,154.0,DL,ATL,BOS,1,1
3943.0,555.0,137.0,9E,CMH,MSP,5,0
445.0,655.0,70.0,WN,LAS,PHX,3,1
2685.0,1020.0,140.0,XE,MKE,EWR,3,1
1103.0,785.0,169.0,US,CLT,DFW,7,1
1783.0,725.0,75.0,WN,ALB,BWI,2,0
2964.0,690.0,69.0,XE,IAH,DFW,5,0
1227.0,1040.0,280.0,WN,FLL,DEN,1,1
685.0,902.0,158.0,UA,LGA,ORD,2,0
4043.0,1120.0,75.0,MQ,TOL,ORD,5,0
3079.0,1025.0,60.0,WN,STL,MDW,2,1
523.0,1225.0,150.0,FL,BWI,TPA,5,0
7760.0,840.0,63.0,OO,EKO,SLC,3,1
4647.0,700.0,95.0,MQ,RDU,LGA,3,0
245.0,540.0,78.0,B6,OAK,LGB,6,1
3910.0,900.0,85.0,MQ,ORD,CRW,1,1
1776.0,1130.0,190.0,CO,IAH,PHL,2,1
6859.0,906.0,178.0,OO,DEN,PDX,3,1
6707.0,1153.0,45.0,OO,DEN,ASE,6,0
6452.0,699.0,84.0,OO,LAX,TUS,6,0
1776.0,405.0,185.0,AA,DFW,PHL,4,0
1434.0,730.0,156.0,DL,MCO,LGA,5,1
88.0,675.0,169.0,US,PHX,PDX,4,0
428.0,960.0,150.0,AA,DFW,RDU,5,1
16.0,720.0,116.0,US,SFO,PHX,7,1
4241.0,715.0,70.0,9E,DAY,DTW,3,0
499.0,805.0,162.0,F9,DEN,CAK,4,1
107.0,1176.0,156.0,FL,ATL,DFW,6,0
4698.0,1200.0,65.0,MQ,DCA,RDU,2,0
1125.0,570.0,168.0,US,CLT,IAH,7,1
688.0,1090.0,198.0,AS,SJC,AUS,7,0
262.0,895.0,55.0,WN,AUS,DAL,4,1
4084.0,1175.0,90.0,9E,DTW,ITH,4,0
4306.0,880.0,76.0,9E,DTW,SCE,2,1
2283.0,385.0,78.0,DL,CAE,ATL,3,1
4826.0,515.0,124.0,OO,SLC,SJC,2,1
692.0,1025.0,55.0,WN,LAS,ONT,3,0
125.0,1130.0,247.0,UA,IAD,DEN,1,0
1783.0,830.0,176.0,B6,JFK,MCO,4,1
6877.0,1115.0,164.0,OO,LAX,SEA,2,0
1552.0,885.0,120.0,CO,EWR,CLT,3,1
2993.0,780.0,120.0,WN,MKE,BWI,4,1
4126.0,1225.0,115.0,MQ,ORD,TRI,5,0
220.0,1270.0,244.0,FL,MKE,LAS,5,0
688.0,1080.0,83.0,B6,DCA,BOS,5,0
1615.0,400.0,140.0,WN,MSP,DEN,1,0
734.0,825.0,249.0,B6,SJU,BOS,7,1
697.0,1045.0,78.0,DL,ATL,PNS,4,1
6560.0,360.0,133.0,OH,ORD,JFK,5,1
338.0,435.0,190.0,CO,EWR,MIA,4,1
486.0,365.0,107.0,US,RNO,PHX,5,0
844.0,727.0,131.0,UA,SEA,SFO,3,0
1005.0,940.0,250.0,WN,STL,LAX,6,0
2992.0,845.0,60.0,WN,STL,BNA,3,1
1134.0,670.0,60.0,WN,IND,MDW,7,0
1397.0,410.0,165.0,AA,ORD,RSW,4,0
690.0,395.0,205.0,WN,DEN,BWI,2,0
2283.0,1274.0,48.0,XE,IAH,AUS,6,0
1498.0,1090.0,65.0,WN,BUR,SJC,2,0
7033.0,397.0,68.0,OO,CWA,ORD,3,1
6398.0,1161.0,91.0,OO,SFO,BOI,3,1
2652.0,880.0,131.0,YV,CLT,LIT,7,1
644.0,880.0,68.0,US,LAS,PHX,1,0
3107.0,1000.0,65.0,WN,DTW,MDW,6,1
6919.0,795.0,87.0,OO,ORD,DLH,3,1
239.0,632.0,97.0,UA,LAX,SFO,4,1
6319.0,430.0,160.0,OH,MSP,CLT,7,1
1211.0,520.0,93.0,B6,BOS,BUF,4,0
1113.0,795.0,155.0,WN,LGA,MDW,2,1
1509.0,745.0,175.0,WN,LAS,MCI,3,1
4298.0,570.0,55.0,MQ,ORD,MLI,5,0
1240.0,1235.0,59.0,US,PHL,BDL,4,1
2946.0,375.0,132.0,XE,JAX,EWR,5,0
2855.0,695.0,120.0,WN,DEN,LAS,1,1
6882.0,926.0,155.0,OO,DEN,SMF,7,1
1760.0,580.0,120.0,DL,ATL,MDW,1,1
357.0,935.0,70.0,WN,BWI,ALB,5,1
2755.0,900.0,118.0,XE,IAH,ELP,4,1
3421.0,550.0,80.0,WN,BWI,CMH,3,0
557.0,961.0,80.0,UA,CMH,ORD,1,0
3680.0,660.0,125.0,MQ,MIA,GSO,3,0
2134.0,960.0,74.0,US,LGA,BOS,4,0
2217.0,585.0,123.0,XE,BOS,CLE,5,1
716.0,685.0,243.0,B6,SJU,JFK,2,1
2116.0,400.0,75.0,WN,PIT,BWI,1,0
1578.0,820.0,57.0,CO,SAT,IAH,6,0
926.0,590.0,134.0,US,CLT,ORD,3,1
4177.0,547.0,143.0,9E,JFK,CLE,5,1
2376.0,425.0,80.0,WN,PHL,BOS,1,0
1077.0,470.0,230.0,AA,DFW,SFO,6,0
1601.0,720.0,187.0,CO,EWR,FLL,2,0
1255.0,960.0,155.0,WN,LAS,SAT,4,0
6929.0,1173.0,64.0,OO,DEN,DRO,2,1
2682.0,434.0,66.0,YV,CHS,CLT,1,0
6299.0,979.0,121.0,OH,PHL,DTW,6,1
5031.0,330.0,55.0,EV,MGM,ATL,3,0
5364.0,375.0,79.0,EV,MGM,MEM,2,0
1071.0,925.0,75.0,WN,SNA,SJC,3,0
4864.0,1040.0,138.0,OO,MSP,BNA,7,1
1255.0,740.0,136.0,FL,TPA,IND,6,0
770.0,1075.0,115.0,WN,SMF,SEA,3,1
2473.0,920.0,200.0,AA,MIA,DFW,7,1
1211.0,445.0,125.0,DL,DTW,MSP,3,0
1569.0,610.0,155.0,WN,MCO,STL,7,0
950.0,445.0,105.0,WN,SMF,PHX,5,1
339.0,675.0,184.0,CO,MIA,EWR,5,0
2366.0,450.0,151.0,DL,JAX,LGA,4,0
1348.0,850.0,215.0,AA,BOS,MIA,7,0
1271.0,1160.0,138.0,FL,MCO,DAY,6,1
85.0,1016.0,116.0,FL,FLL,ATL,3,1
1884.0,380.0,132.0,DL,TPA,CVG,6,0
1068.0,610.0,140.0,AA,MIA,DCA,5,0
6714.0,985.0,48.0,OO,EGE,DEN,2,1
4485.0,1020.0,66.0,OO,FAR,MSP,6,0
429.0,990.0,145.0,WN,DEN,MDW,4,1
6452.0,511.0,70.0,OO,FAT,LAX,7,1
4832.0,919.0,88.0,OO,SLC,MSO,3,0
2569.0,1290.0,88.0,DL,ATL,MCO,7,1
1290.0,585.0,55.0,WN,MCO,FLL,6,1
21.0,1145.0,168.0,UA,DEN,OAK,3,0
1933.0,465.0,70.0,WN,MDW,CMH,1,1
380.0,1060.0,150.0,UA,MSY,IAD,4,0
2275.0,859.0,176.0,XE,PBI,IAH,3,1
523.0,955.0,105.0,WN,LAS,BOI,1,1
1734.0,505.0,145.0,AA,DFW,MCO,7,0
6644.0,334.0,116.0,OO,TUS,DEN,5,0
1895.0,677.0,116.0,DL,SLC,SAN,1,0
664.0,1085.0,222.0,AS,SEA,DFW,1,0
2136.0,1020.0,72.0,US,LGA,BOS,7,0
6427.0,364.0,132.0,OO,BHM,ORD,3,0
2855.0,695.0,120.0,WN,DEN,LAS,1,1
4162.0,765.0,115.0,MQ,ORD,RIC,6,1
1064.0,1250.0,93.0,DL,ATL,MLB,6,0
890.0,575.0,65.0,AA,SAT,DFW,4,0
1047.0,665.0,105.0,DL,ATL,STL,3,0
1146.0,1366.0,64.0,DL,ATL,CHS,2,0
1590.0,815.0,63.0,DL,ATL,SAV,1,0
1903.0,965.0,125.0,WN,SEA,OAK,5,1
1919.0,585.0,80.0,WN,MCI,MDW,1,1
6964.0,859.0,136.0,OO,ASE,LAX,7,1
293.0,995.0,85.0,WN,SAN,OAK,4,1
2459.0,755.0,170.0,XE,CLT,IAH,3,0
4642.0,815.0,144.0,OO,OKC,SLC,5,0
7.0,540.0,385.0,HA,LAS,HNL,4,0
4616.0,668.0,135.0,OO,COS,MSP,6,1
1635.0,990.0,330.0,CO,EWR,PHX,4,1
1802.0,1005.0,70.0,AA,SAT,DFW,6,0
1803.0,1015.0,175.0,AA,DFW,LAS,4,1
6590.0,832.0,169.0,OO,MEM,DEN,4,1
6698.0,477.0,145.0,OO,PDX,DEN,3,0
2195.0,720.0,90.0,XE,MOB,IAH,5,0
235.0,1070.0,55.0,WN,DAL,TUL,4,1
425.0,1120.0,194.0,B6,BOS,PBI,6,0
1047.0,665.0,105.0,DL,ATL,STL,4,0
3989.0,670.0,75.0,MQ,DAY,ORD,5,0
1743.0,885.0,90.0,AA,DFW,MCI,7,1
2751.0,1125.0,90.0,YV,ABQ,PHX,1,0
6384.0,670.0,119.0,OH,CVG,LGA,1,0
725.0,1270.0,139.0,F9,DEN,SAN,6,1
2720.0,710.0,120.0,MQ,DSM,DFW,4,0
185.0,1260.0,380.0,AA,JFK,LAX,1,1
2791.0,815.0,128.0,XE,IAH,CVG,6,0
577.0,1050.0,278.0,US,TPA,PHX,3,0
1076.0,650.0,160.0,WN,LAS,OMA,2,1
6553.0,566.0,49.0,OO,PIA,ORD,1,1
1033.0,965.0,210.0,AA,MIA,ORD,3,1
1031.0,742.0,102.0,DL,IND,ATL,1,1
6284.0,1151.0,125.0,OO,ABQ,LAX,2,1
3121.0,885.0,85.0,XE,LIT,IAH,1,1
2026.0,785.0,124.0,DL,FLL,ATL,4,1
650.0,510.0,315.0,US,SFO,PHL,2,0
6817.0,1295.0,52.0,OO,SFO,CIC,3,1
3058.0,1145.0,90.0,MQ,RNO,LAX,4,0
1837.0,1290.0,142.0,DL,ATL,IAH,6,0
608.0,995.0,85.0,WN,SNA,OAK,4,1
1982.0,475.0,123.0,US,CLT,BOS,2,1
218.0,1050.0,60.0,WN,SJC,BUR,5,1
7103.0,1330.0,75.0,EV,IAD,CMH,5,1
1539.0,1255.0,70.0,AA,ORD,STL,6,1
353.0,950.0,181.0,US,PHX,MSP,7,1
880.0,1365.0,72.0,US,PHL,BOS,1,1
1675.0,565.0,215.0,DL,MEM,PHX,1,1
1409.0,1230.0,60.0,WN,BUR,LAS,5,1
660.0,1180.0,152.0,B6,MCO,SYR,1,0
117.0,977.0,88.0,FL,ATL,TPA,3,1
4182.0,540.0,115.0,MQ,ORD,ABE,4,1
4367.0,347.0,177.0,9E,ALB,ATL,5,0
996.0,415.0,160.0,FL,BOS,MKE,6,0
3094.0,852.0,80.0,OO,MKE,OMA,4,1
1372.0,1015.0,125.0,AA,MIA,RDU,6,0
387.0,1167.0,135.0,UA,MSP,DEN,3,1
2218.0,1125.0,76.0,XE,EWR,RIC,6,0
618.0,545.0,105.0,F9,PHX,DEN,4,0
1687.0,1075.0,152.0,CO,MCO,IAH,3,1
3822.0,655.0,95.0,MQ,ORD,MSP,3,0
332.0,1165.0,65.0,WN,PHX,ELP,6,1
7276.0,1010.0,92.0,YV,ORD,ROC,3,1
2449.0,530.0,55.0,WN,HOU,SAT,2,1
4994.0,851.0,142.0,EV,ATL,HPN,3,0
1845.0,625.0,190.0,WN,PHX,SEA,5,1
1467.0,55.0,220.0,CO,PHX,CLE,6,0
3047.0,360.0,119.0,XE,BHM,IAH,4,0
1666.0,746.0,101.0,DL,CMH,ATL,7,1
702.0,955.0,381.0,CO,EWR,SFO,3,1
1112.0,350.0,132.0,DL,PIT,ATL,3,1
4621.0,921.0,88.0,OO,SLC,RNO,2,0
7293.0,1193.0,121.0,YV,ORD,ORF,2,0
821.0,935.0,205.0,AA,JFK,FLL,6,0
3848.0,1030.0,75.0,9E,ERI,DTW,4,0
17.0,470.0,56.0,UA,GRR,ORD,6,0
3852.0,610.0,67.0,9E,MSP,MSN,7,1
660.0,501.0,121.0,UA,LAS,DEN,5,0
5588.0,1045.0,74.0,EV,TLH,ATL,2,0
146.0,520.0,37.0,HA,HNL,OGG,3,0
3044.0,725.0,140.0,MQ,LAX,DEN,7,1
1505.0,1035.0,190.0,AA,DFW,SAN,6,0
1084.0,911.0,140.0,DL,MSP,DCA,1,1
1196.0,1145.0,77.0,US,SAN,PHX,5,0
1662.0,435.0,140.0,WN,PBI,BWI,4,1
453.0,645.0,162.0,AS,LAX,SEA,4,0
2282.0,1185.0,205.0,AA,DFW,BOS,2,1
2750.0,1080.0,77.0,YV,PHX,ONT,6,0
2729.0,745.0,50.0,MQ,DFW,ABI,3,1
734.0,465.0,273.0,CO,PHX,EWR,3,1
4160.0,577.0,98.0,9E,ROC,DTW,2,0
2755.0,900.0,113.0,XE,IAH,ELP,6,1
802.0,580.0,170.0,AA,SNA,DFW,2,0
5283.0,540.0,61.0,EV,MEM,BNA,3,1
2810.0,460.0,106.0,XE,ICT,IAH,2,0
6881.0,537.0,162.0,OO,DEN,SMF,7,0
1609.0,835.0,195.0,AA,EWR,MIA,5,1
1184.0,1110.0,68.0,US,BWI,PHL,4,1
4838.0,830.0,131.0,OO,SLC,FAR,4,1
7761.0,1005.0,69.0,OO,SLC,EKO,4,0
4025.0,695.0,70.0,MQ,ORD,RST,6,0
1172.0,565.0,205.0,AA,PHX,ORD,3,0
5605.0,360.0,86.0,EV,ROA,ATL,3,1
142.0,547.0,273.0,DL,SFO,DTW,4,1
4543.0,1200.0,135.0,OO,SLC,OKC,3,1
5932.0,767.0,91.0,XE,OMA,ORD,7,0
1996.0,425.0,170.0,DL,MSP,LGA,3,0
1665.0,1220.0,185.0,AA,DFW,SAN,2,1
1500.0,965.0,187.0,CO,FLL,EWR,4,0
2560.0,1195.0,124.0,DL,MIA,ATL,4,0
119.0,889.0,213.0,B6,JFK,MSY,2,0
1478.0,795.0,109.0,US,PHX,DEN,1,0
5132.0,570.0,72.0,EV,AGS,ATL,5,0
823.0,851.0,114.0,UA,BOS,IAD,2,0
1250.0,954.0,115.0,FL,MCO,LEX,5,0
14.0,1365.0,300.0,AA,OGG,LAX,1,1
118.0,927.0,89.0,UA,LAX,SFO,4,1
221.0,635.0,205.0,FL,LAS,MKE,1,1
503.0,720.0,173.0,AS,SNA,SEA,7,0
398.0,360.0,105.0,UA,PDX,SFO,6,0
4455.0,1320.0,65.0,OO,MSP,FAR,2,1
913.0,855.0,55.0,WN,AUS,DAL,7,0
2500.0,775.0,114.0,XE,ELP,IAH,1,0
2833.0,405.0,47.0,YV,TUS,PHX,5,0
191.0,535.0,164.0,CO,MIA,IAH,5,0
3127.0,1105.0,103.0,XE,IAH,LBB,1,1
1231.0,420.0,185.0,WN,ISP,TPA,7,0
1529.0,836.0,139.0,CO,TUS,IAH,1,0
91.0,1340.0,77.0,FL,ATL,RDU,4,1
4327.0,1105.0,65.0,MQ,ORD,TVC,3,1
4254.0,800.0,90.0,9E,MOT,MSP,4,1
912.0,485.0,140.0,WN,SNA,DEN,3,1
2179.0,900.0,102.0,XE,PNS,IAH,5,0
6899.0,439.0,42.0,OO,ORD,MKE,2,1
323.0,795.0,68.0,CO,IAH,MSY,4,1
2810.0,460.0,105.0,XE,ICT,IAH,1,0
2693.0,1255.0,49.0,XE,CLE,DAY,1,1
11.0,1145.0,85.0,WN,LAS,SJC,5,1
486.0,713.0,194.0,UA,AUS,IAD,4,0
1787.0,1290.0,238.0,DL,MSP,SAN,7,1
558.0,702.0,158.0,B6,TPA,HPN,4,0
6557.0,929.0,61.0,OO,PDX,MFR,3,1
1030.0,835.0,100.0,AA,MSY,DFW,6,0
1699.0,800.0,125.0,DL,PIT,ATL,7,0
483.0,455.0,275.0,WN,LAS,BWI,1,1
6680.0,587.0,58.0,OO,ORD,CID,5,1
3967.0,470.0,95.0,MQ,ORD,OMA,3,0
1488.0,855.0,135.0,WN,CMH,TPA,5,1
1054.0,740.0,45.0,YV,LIH,OGG,6,0
541.0,930.0,155.0,AA,ATL,DFW,3,0
425.0,695.0,55.0,WN,HOU,SAT,2,0
5218.0,360.0,136.0,EV,MDT,ATL,1,1
697.0,365.0,190.0,AA,FLL,DFW,3,0
709.0,1090.0,278.0,CO,IAH,PDX,5,1
672.0,1105.0,60.0,AA,MIA,MCO,7,1
2959.0,390.0,94.0,XE,MOB,IAH,1,0
730.0,1209.0,108.0,UA,ORD,BWI,1,1
6908.0,448.0,87.0,OO,MCI,ORD,4,1
1831.0,365.0,163.0,CO,PBI,IAH,4,1
2574.0,657.0,182.0,DL,FLL,LGA,6,0
6652.0,735.0,88.0,OH,DTW,ATW,3,0
7260.0,1141.0,79.0,YV,DSM,ORD,1,0
461.0,795.0,212.0,B6,BOS,RSW,3,0
11.0,885.0,145.0,WN,FLL,BNA,6,1
2711.0,940.0,62.0,XE,EWR,PVD,4,1
2473.0,503.0,124.0,DL,ATL,MIA,5,0
1842.0,595.0,111.0,DL,ATL,CMH,3,0
1078.0,655.0,70.0,WN,BUR,OAK,3,0
497.0,1230.0,228.0,US,CLT,DEN,4,0
4450.0,1100.0,100.0,MQ,RDU,LGA,5,0
819.0,420.0,162.0,UA,EWR,ORD,5,0
543.0,945.0,66.0,US,LAS,LAX,4,1
4440.0,580.0,180.0,OO,SLC,IAH,7,1
6619.0,360.0,82.0,OO,ACV,SFO,5,0
1777.0,1015.0,145.0,US,BOS,CLT,5,1
685.0,550.0,115.0,US,SFO,PHX,4,0
1758.0,645.0,250.0,AA,LAX,ORD,2,0
532.0,360.0,144.0,UA,DEN,ORD,7,0
1156.0,985.0,85.0,WN,MDW,BNA,3,1
193.0,807.0,106.0,UA,LAS,SFO,5,0
3190.0,510.0,75.0,MQ,LAX,SJC,3,0
297.0,1011.0,136.0,FL,ATL,HOU,3,1
4500.0,885.0,44.0,OO,SAN,LAX,5,1
264.0,850.0,185.0,DL,PHX,MSP,6,0
673.0,1230.0,125.0,WN,DEN,BOI,4,1
2529.0,360.0,185.0,WN,IND,DEN,1,1
4209.0,735.0,118.0,9E,DTW,DSM,2,1
3048.0,865.0,91.0,OO,PIT,MKE,1,0
1940.0,1180.0,180.0,AA,ORD,MIA,6,1
1675.0,795.0,123.0,US,CLT,MIA,6,1
1180.0,991.0,165.0,FL,BUF,MCO,7,0
2838.0,842.0,117.0,XE,CMH,EWR,3,1
218.0,352.0,41.0,HA,HNL,KOA,5,0
71.0,480.0,135.0,US,DEN,PHX,2,1
4998.0,360.0,119.0,EV,XNA,ATL,2,0
7261.0,1198.0,72.0,YV,ROC,IAD,4,0
1076.0,900.0,115.0,AA,STL,DCA,5,0
286.0,998.0,182.0,UA,IAH,IAD,7,0
3977.0,580.0,65.0,MQ,ORD,CID,4,0
2.0,390.0,55.0,WN,HOU,DAL,3,1
6919.0,1165.0,49.0,OO,MKE,ORD,5,1
2926.0,1065.0,104.0,XE,ATL,CLE,1,0
2881.0,750.0,95.0,YV,SBP,PHX,6,0
6926.0,719.0,108.0,OO,BOI,DEN,3,0
4720.0,790.0,75.0,OO,MSP,GFK,6,1
7066.0,1012.0,128.0,EV,CAE,ORD,4,0
621.0,640.0,260.0,AA,DFW,SEA,2,1
171.0,1335.0,102.0,FL,ATL,RSW,1,1
5306.0,764.0,80.0,EV,GSP,ATL,3,0
1506.0,345.0,270.0,DL,LAX,DTW,4,0
731.0,1320.0,210.0,AS,SEA,ANC,4,1
355.0,735.0,366.0,B6,JFK,BUR,5,0
3945.0,585.0,55.0,9E,LSE,MSP,7,0
6327.0,740.0,46.0,OO,SAN,LAX,2,1
705.0,605.0,190.0,AA,DFW,PSP,2,1
6967.0,1140.0,57.0,OO,ACV,SMF,3,0
5952.0,1015.0,134.0,XE,BHM,ORD,1,1
1247.0,680.0,265.0,AA,ORD,LAX,3,1
667.0,615.0,143.0,FL,ATL,HPN,4,0
150.0,595.0,110.0,DL,ATL,IAD,4,1
2453.0,960.0,155.0,WN,PHX,OMA,2,1
3694.0,625.0,103.0,9E,DTW,SWF,7,1
5408.0,1005.0,81.0,EV,CHS,ATL,5,1
2556.0,780.0,175.0,DL,MSP,EWR,5,0
5363.0,645.0,89.0,EV,ATL,MEM,6,0
4105.0,1020.0,70.0,9E,FSD,MSP,4,0
2121.0,465.0,135.0,WN,DEN,MDW,3,0
770.0,735.0,105.0,WN,DAL,ELP,1,1
349.0,390.0,320.0,CO,SFO,EWR,7,1
3988.0,910.0,95.0,9E,DTW,ROA,6,0
876.0,605.0,320.0,WN,BWI,PHX,6,1
2982.0,1300.0,65.0,WN,PHX,LAS,1,1
667.0,1275.0,156.0,F9,DEN,SFO,4,1
1518.0,330.0,84.0,DL,MCO,ATL,1,0
4134.0,710.0,165.0,MQ,BDL,ORD,7,0
514.0,670.0,32.0,HA,LIH,HNL,5,1
2556.0,655.0,310.0,AA,LAS,JFK,3,0
1104.0,770.0,220.0,WN,MCI,SAN,4,1
1026.0,732.0,125.0,DL,DTW,ATL,2,0
529.0,675.0,85.0,WN,SAN,OAK,4,1
1223.0,520.0,157.0,US,DCA,PBI,7,1
488.0,686.0,122.0,FL,MCO,BWI,2,1
6482.0,381.0,128.0,OO,FAR,DEN,3,0
7356.0,512.0,118.0,EV,ATL,MLI,4,1
1611.0,1185.0,54.0,US,RDU,CLT,7,0
2903.0,360.0,104.0,YV,MRY,PHX,6,0
1648.0,405.0,185.0,AA,SNA,DFW,5,0
856.0,945.0,255.0,AA,STT,BOS,4,0
1598.0,405.0,204.0,CO,SNA,IAH,3,1
662.0,1020.0,105.0,AA,MCI,DFW,6,0
7789.0,794.0,66.0,OO,SUN,SLC,3,0
1395.0,840.0,90.0,WN,DEN,TUL,7,1
2683.0,419.0,159.0,DL,DCA,MIA,4,0
2851.0,880.0,140.0,MQ,DFW,CHS,7,1
3800.0,1050.0,124.0,9E,PHF,ATL,4,1
851.0,582.0,98.0,UA,PIT,ORD,4,0
105.0,381.0,33.0,HA,OGG,HNL,3,1
4661.0,1019.0,161.0,MQ,LGA,ATL,2,0
1614.0,520.0,74.0,CO,IAH,MFE,4,0
2622.0,625.0,124.0,XE,IAH,CAE,7,1
1624.0,1065.0,112.0,DL,ATL,BWI,5,0
6611.0,510.0,128.0,OO,DEN,BOI,5,0
1293.0,850.0,150.0,FL,MCO,GRR,1,1
861.0,800.0,100.0,WN,BOS,PHL,2,0
7108.0,330.0,114.0,EV,PWM,IAD,3,1
541.0,835.0,65.0,WN,BUR,LAS,4,1
5516.0,565.0,95.0,EV,MEM,VPS,3,0
4296.0,875.0,80.0,9E,MEM,GPT,7,0
20.0,715.0,403.0,US,PHX,HNL,6,0
2983.0,1195.0,88.0,DL,DTW,MSN,2,1
1498.0,420.0,177.0,DL,FLL,LGA,1,0
3338.0,1050.0,200.0,WN,MHT,MCO,2,1
6638.0,481.0,85.0,OO,RKS,DEN,1,0
18.0,525.0,322.0,AS,SEA,MCO,2,0
727.0,530.0,145.0,FL,MKE,DFW,3,0
453.0,884.0,249.0,UA,BWI,DEN,3,0
45.0,720.0,95.0,DL,CVG,ATL,2,1
4214.0,830.0,66.0,9E,DTW,DAY,1,0
4020.0,420.0,79.0,9E,GSP,CVG,3,0
1468.0,980.0,72.0,US,DCA,BUF,5,1
2833.0,620.0,73.0,XE,IAH,JAN,5,1
2982.0,1000.0,145.0,WN,BWI,STL,4,1
756.0,495.0,95.0,WN,MCI,DAL,5,1
7050.0,677.0,91.0,OO,DEN,GCC,5,0
2859.0,950.0,190.0,MQ,FAY,DFW,2,0
7054.0,1145.0,58.0,OO,SFO,RNO,6,1
3824.0,1016.0,146.0,9E,PIT,MSP,6,1
1836.0,833.0,200.0,CO,IAH,PHL,6,0
4072.0,875.0,84.0,9E,MEM,VPS,1,0
2874.0,1185.0,95.0,MQ,JAN,DFW,1,0
895.0,591.0,137.0,FL,LGA,IND,6,0
1467.0,700.0,142.0,US,PHL,ATL,4,0
5499.0,1075.0,130.0,EV,ATL,ATW,3,0
2173.0,720.0,71.0,US,LGA,DCA,1,1
2546.0,450.0,209.0,DL,MSP,RSW,4,0
4086.0,865.0,110.0,9E,MSP,ICT,6,0
973.0,900.0,267.0,UA,ORD,SFO,3,1
347.0,485.0,165.0,CO,ORD,IAH,5,1
316.0,764.0,195.0,UA,DEN,IAD,4,1
2262.0,1090.0,136.0,XE,OMA,IAH,7,0
4387.0,990.0,75.0,9E,COU,MEM,4,0
569.0,1060.0,100.0,FL,BMI,ATL,3,1
910.0,1052.0,91.0,FL,ATL,PHF,2,1
1250.0,391.0,89.0,B6,IAD,BOS,5,0
631.0,925.0,185.0,WN,MCI,PHX,6,1
1697.0,985.0,115.0,US,CLT,RSW,5,0
43.0,742.0,77.0,AS,ANC,BET,4,0
1056.0,360.0,70.0,AA,TUL,DFW,7,0
2718.0,1110.0,101.0,DL,MCO,ATL,7,1
2137.0,420.0,65.0,XE,LFT,IAH,5,0
2579.0,460.0,65.0,WN,RDU,BWI,6,0
2155.0,1035.0,300.0,DL,ATL,LAX,6,1
5519.0,904.0,73.0,EV,SAV,ATL,7,0
6515.0,995.0,147.0,OH,JAX,LGA,4,0
2884.0,705.0,175.0,WN,DEN,PDX,3,1
3728.0,875.0,80.0,9E,MEM,COU,3,0
1587.0,415.0,65.0,WN,LBB,DAL,4,0
5310.0,515.0,164.0,EV,ATL,AUS,7,1
2788.0,1235.0,60.0,WN,LAX,LAS,7,1
6850.0,519.0,79.0,OO,MBS,ORD,3,0
1626.0,375.0,100.0,US,CLT,LGA,3,0
3769.0,570.0,125.0,MQ,ATL,ORD,5,1
146.0,360.0,152.0,B6,PBI,JFK,6,0
232.0,1060.0,267.0,US,DTW,PHX,6,1
2440.0,860.0,127.0,DL,TPA,DCA,6,0
308.0,360.0,235.0,CO,PDX,IAH,5,0
6573.0,774.0,56.0,OO,HDN,DEN,3,1
240.0,1189.0,106.0,FL,RIC,ATL,7,1
6591.0,537.0,183.0,OO,COS,IAD,4,0
667.0,1045.0,275.0,CO,IAH,SEA,5,1
228.0,625.0,105.0,WN,BUF,MDW,7,0
3002.0,1095.0,45.0,MQ,SAN,LAX,5,0
2987.0,1280.0,149.0,YV,SAT,PHX,1,0
2157.0,686.0,131.0,DL,SLC,SEA,7,1
2173.0,1200.0,110.0,XE,EWR,GSO,4,1
6457.0,565.0,88.0,OH,CVG,MKE,6,0
4473.0,1050.0,65.0,MQ,LGA,BOS,7,1
1117.0,765.0,120.0,WN,MDW,PHL,1,1
2405.0,350.0,118.0,DL,PHL,DTW,7,0
6709.0,1230.0,95.0,OH,CVG,STL,4,1
4271.0,600.0,120.0,MQ,ORD,RDU,7,0
1225.0,1205.0,90.0,WN,HOU,BHM,7,1
2353.0,1255.0,110.0,XE,IAH,ATL,1,1
2700.0,855.0,85.0,MQ,ROW,DFW,3,0
277.0,1022.0,380.0,B6,FLL,SFO,2,1
1675.0,565.0,150.0,WN,SEA,LAS,7,0
943.0,1105.0,210.0,WN,LAS,BNA,5,1
2795.0,905.0,108.0,DL,SLC,SAN,1,0
4249.0,1185.0,75.0,9E,MEM,STL,6,0
1720.0,910.0,160.0,AA,DFW,IAD,7,0
3014.0,350.0,65.0,MQ,FAT,LAX,5,0
720.0,585.0,163.0,CO,DEN,CLE,4,0
2540.0,510.0,130.0,XE,BNA,IAH,6,0
132.0,380.0,95.0,FL,TPA,ATL,5,0
958.0,504.0,234.0,UA,SEA,ORD,6,0
5486.0,761.0,82.0,EV,CHS,ATL,1,1
1715.0,885.0,170.0,WN,LAX,AUS,3,1
2868.0,995.0,140.0,MQ,MLI,DFW,2,0
280.0,505.0,160.0,US,SAT,PHX,1,1
4114.0,625.0,87.0,9E,MSN,DTW,3,0
2163.0,420.0,71.0,US,LGA,DCA,2,0
2981.0,730.0,64.0,XE,BTR,IAH,4,0
510.0,1290.0,163.0,B6,FLL,EWR,1,1
375.0,1131.0,158.0,UA,DEN,SMF,6,0
420.0,825.0,177.0,B6,PBI,BOS,7,1
2013.0,630.0,110.0,WN,PHX,DEN,5,1
1575.0,500.0,95.0,WN,DTW,BWI,3,1
4222.0,1035.0,95.0,MQ,ORD,TYS,3,0
3073.0,385.0,90.0,WN,PVD,BWI,1,0
44.0,1105.0,85.0,WN,DAL,MCI,2,1
368.0,625.0,134.0,FL,ATL,LGA,3,1
7007.0,440.0,50.0,OO,PDX,SEA,4,1
1965.0,540.0,112.0,DL,MEM,TPA,1,1
837.0,390.0,241.0,UA,DFW,SFO,4,0
2850.0,880.0,95.0,WN,LAS,OAK,6,1
3631.0,745.0,150.0,MQ,MIA,BNA,6,0
7286.0,1006.0,116.0,YV,IAD,JAX,2,1
6814.0,944.0,123.0,OO,PSP,DEN,1,1
170.0,875.0,70.0,WN,LAS,PHX,4,1
772.0,1198.0,285.0,FL,ATL,LAS,4,0
2891.0,360.0,105.0,WN,MDW,IAD,3,0
231.0,595.0,238.0,US,PHX,DTW,6,1
665.0,1140.0,77.0,US,SNA,PHX,5,0
1518.0,655.0,235.0,AA,SEA,DFW,2,0
204.0,450.0,63.0,US,LAX,LAS,1,0
627.0,1050.0,281.0,US,PIT,PHX,5,1
1825.0,985.0,280.0,AA,ORD,SFO,7,0
1370.0,970.0,65.0,WN,OAK,BUR,2,1
353.0,1180.0,155.0,AA,LGA,ORD,6,0
5080.0,686.0,93.0,EV,MLU,ATL,7,1
2952.0,885.0,83.0,XE,IAH,OKC,4,0
4960.0,773.0,152.0,EV,BOS,CVG,6,1
1223.0,510.0,110.0,DL,ATL,RSW,5,0
800.0,1150.0,98.0,US,MCO,CLT,6,0
1947.0,915.0,60.0,AA,TPA,MIA,3,0
500.0,420.0,85.0,WN,OAK,SAN,1,0
2709.0,555.0,156.0,DL,CVG,FLL,7,1
1277.0,606.0,96.0,FL,MCO,TYS,3,0
7235.0,602.0,94.0,YV,ALB,IAD,5,0
2815.0,654.0,256.0,DL,ATL,PHX,4,0
4177.0,925.0,50.0,MQ,ORD,AZO,3,0
6888.0,789.0,177.0,OO,ELP,ORD,1,1
1784.0,954.0,155.0,B6,MCO,JFK,4,1
3847.0,735.0,90.0,9E,ROC,DTW,7,1
331.0,495.0,310.0,WN,PIT,LAS,5,1
5984.0,360.0,95.0,XE,TYS,IAD,4,0
921.0,1145.0,165.0,WN,BWI,RSW,3,0
1922.0,365.0,156.0,US,RSW,PHL,2,0
2131.0,1285.0,59.0,XE,IAH,CRP,3,0
2702.0,595.0,83.0,YV,PHX,ABQ,2,0
1235.0,480.0,150.0,US,BOS,CLT,6,1
751.0,1220.0,116.0,FL,BWI,HSV,6,0
1609.0,860.0,125.0,DL,MSP,DEN,6,0
2749.0,785.0,90.0,WN,MCI,DAL,6,1
1488.0,1435.0,220.0,AA,DEN,MIA,2,1
2162.0,835.0,150.0,AA,DFW,PBI,1,1
3719.0,1050.0,55.0,9E,LAN,DTW,3,1
680.0,390.0,225.0,US,PHX,CLT,2,0
259.0,790.0,266.0,US,PHX,PHL,2,1
2661.0,777.0,79.0,XE,MHT,EWR,3,0
2879.0,675.0,60.0,WN,LAX,LAS,5,1
332.0,525.0,121.0,FL,ATL,PHL,4,0
231.0,880.0,173.0,F9,BNA,DEN,3,0
6455.0,500.0,65.0,OH,ATL,CHA,5,0
575.0,482.0,176.0,B6,SWF,MCO,4,0
3113.0,988.0,172.0,XE,OMA,EWR,4,0
130.0,635.0,70.0,WN,ABQ,TUS,1,1
1790.0,850.0,248.0,US,LAS,CLT,7,1
685.0,1315.0,304.0,CO,PDX,EWR,3,0
2438.0,505.0,77.0,XE,CLE,ALB,5,0
2156.0,706.0,134.0,XE,TUS,IAH,2,0
1016.0,703.0,205.0,FL,BOS,MCO,1,0
1107.0,1210.0,174.0,US,CLT,DFW,4,0
6466.0,464.0,112.0,OO,LAX,SLC,3,1
6342.0,1176.0,47.0,OO,LAX,SAN,6,1
1805.0,1235.0,155.0,AA,DFW,PHX,2,0
2292.0,550.0,135.0,AA,LAX,EGE,3,1
2640.0,1101.0,179.0,XE,GRR,IAH,3,0
654.0,680.0,270.0,WN,CMH,PHX,4,1
2153.0,855.0,222.0,DL,MSP,SEA,6,1
3957.0,730.0,110.0,MQ,MEM,ORD,3,0
1437.0,1005.0,324.0,US,CLT,LAX,2,1
6291.0,538.0,55.0,OO,BFL,LAX,7,1
2040.0,930.0,329.0,DL,SFO,JFK,4,0
1044.0,635.0,120.0,AA,MIA,RDU,7,1
734.0,825.0,249.0,B6,SJU,BOS,3,1
2959.0,945.0,60.0,MQ,SHV,DFW,4,0
6284.0,1352.0,59.0,OO,LAX,IYK,4,0
2661.0,460.0,91.0,DL,ATL,MEM,4,0
3159.0,875.0,151.0,XE,SDF,IAH,4,1
1010.0,839.0,78.0,B6,JFK,BOS,7,0
2135.0,465.0,133.0,DL,PIT,ATL,5,0
1202.0,885.0,180.0,FL,RSW,MDW,6,0
3876.0,430.0,105.0,MQ,XNA,ORD,2,1
85.0,1035.0,249.0,US,PHX,BWI,7,0
703.0,1010.0,82.0,FL,ATL,DAY,2,0
3690.0,405.0,112.0,9E,LAN,MSP,1,0
2630.0,970.0,83.0,YV,CLT,IAD,4,1
67.0,841.0,87.0,B6,BUF,JFK,4,1
691.0,985.0,85.0,WN,MSY,DAL,4,1
2157.0,900.0,154.0,XE,JAX,IAH,7,1
1471.0,365.0,95.0,CO,TUL,IAH,4,0
1416.0,625.0,235.0,WN,SAN,MDW,6,1
6617.0,620.0,103.0,OH,DTW,AVL,6,0
511.0,690.0,115.0,AA,DFW,COS,2,1
3947.0,750.0,90.0,MQ,ORD,TYS,2,0
4231.0,1080.0,145.0,MQ,CLT,ORD,4,0
535.0,680.0,133.0,UA,ATL,ORD,1,0
327.0,595.0,72.0,US,LAS,PHX,7,1
346.0,1035.0,80.0,AA,STL,ORD,4,1
2305.0,473.0,73.0,XE,IAH,DFW,5,1
2029.0,629.0,158.0,XE,IAH,PIT,7,1
4137.0,1115.0,125.0,9E,ORF,DTW,4,0
6908.0,618.0,55.0,OO,SFO,RNO,4,0
942.0,360.0,83.0,FL,ROC,BWI,5,0
37.0,830.0,343.0,UA,SFO,OGG,6,0
6735.0,585.0,144.0,OH,BOS,RDU,1,0
1289.0,1165.0,105.0,B6,BOS,RIC,7,0
479.0,665.0,150.0,WN,PDX,PHX,7,1
2825.0,455.0,60.0,MQ,DFW,TUL,1,0
6423.0,1050.0,52.0,OO,PDX,SEA,3,0
3715.0,1295.0,110.0,MQ,ORD,PHL,2,1
609.0,1135.0,159.0,AS,LAS,SEA,6,1
657.0,460.0,384.0,US,PHL,SFO,3,0
453.0,605.0,81.0,FL,MSY,ATL,6,0
2288.0,755.0,149.0,DL,ATL,BOS,4,1
4942.0,960.0,84.0,EV,ATL,JAN,2,1
1065.0,565.0,74.0,DL,ATL,JAX,6,0
1822.0,1050.0,150.0,DL,DFW,DTW,5,1
6569.0,675.0,89.0,OH,CVG,CLT,1,0
4603.0,1295.0,90.0,OO,SLC,LAS,1,1
918.0,620.0,145.0,WN,MCO,PHL,2,0
6551.0,1003.0,92.0,OO,MCI,ORD,6,0
2263.0,990.0,77.0,XE,MFE,IAH,6,0
3692.0,730.0,140.0,MQ,MIA,RIC,3,0
4250.0,975.0,110.0,9E,JFK,BTV,4,0
1020.0,710.0,80.0,AA,DFW,MSY,2,1
5580.0,420.0,123.0,EV,STL,DCA,5,0
2552.0,490.0,170.0,WN,LAS,HOU,6,0
3155.0,655.0,133.0,XE,IAH,SDF,3,1
288.0,530.0,65.0,WN,BWI,BUF,4,1
6482.0,915.0,115.0,OH,OMA,CVG,1,0
2164.0,980.0,125.0,XE,EWR,CHS,7,1
855.0,820.0,195.0,AA,FLL,DFW,6,0
2083.0,1210.0,90.0,DL,SLC,LAS,2,1
248.0,790.0,265.0,DL,SAN,DTW,4,1
1022.0,780.0,166.0,CO,PBI,CLE,4,0
4634.0,602.0,120.0,OO,LGB,SLC,7,0
4765.0,360.0,75.0,OO,LAS,LAX,2,0
3757.0,360.0,103.0,9E,BGM,DTW,3,0
2.0,855.0,284.0,AS,SEA,DCA,7,0
244.0,420.0,155.0,AS,SEA,LAX,6,0
2531.0,877.0,123.0,DL,LGA,DTW,2,0
3778.0,785.0,105.0,WN,PHX,DEN,4,1
2720.0,845.0,125.0,WN,MCO,BWI,2,1
1502.0,685.0,155.0,AA,ORD,TPA,4,0
5956.0,1280.0,52.0,XE,ORD,GRB,3,1
3929.0,445.0,106.0,9E,AZO,MSP,7,0
107.0,851.0,124.0,F9,MSP,DEN,1,0
1129.0,1190.0,78.0,US,RIC,CLT,5,0
570.0,815.0,86.0,UA,ORD,CLE,4,0
5590.0,390.0,66.0,EV,XNA,MEM,4,0
536.0,421.0,132.0,UA,ORD,LGA,4,0
1511.0,330.0,80.0,DL,MSN,DTW,4,0
1120.0,700.0,90.0,AA,MSP,ORD,5,0
6492.0,1150.0,81.0,OO,DEN,COD,6,1
1333.0,875.0,165.0,WN,BWI,LIT,1,1
4530.0,823.0,141.0,OO,SLC,OKC,5,0
6329.0,821.0,72.0,OO,LAX,FAT,4,0
2467.0,1090.0,84.0,XE,GPT,IAH,4,1
3113.0,988.0,172.0,XE,OMA,EWR,1,0
827.0,540.0,145.0,WN,PHL,BNA,3,0
5522.0,400.0,129.0,EV,ICT,ATL,7,0
1685.0,635.0,155.0,WN,PDX,ABQ,4,1
1811.0,1140.0,147.0,DL,ATL,DFW,4,1
4065.0,750.0,80.0,9E,DTW,MSN,3,0
1040.0,1195.0,49.0,YV,HNL,ITO,7,1
1096.0,380.0,250.0,AA,SAN,ORD,5,1
2835.0,430.0,140.0,WN,RSW,BWI,7,0
7289.0,870.0,63.0,YV,RDU,IAD,3,0
1910.0,705.0,75.0,AA,LAX,LAS,1,0
2462.0,1090.0,170.0,AA,LAX,DFW,2,0
1659.0,1007.0,102.0,DL,STL,ATL,2,1
536.0,540.0,79.0,FL,ATL,MEM,2,1
1891.0,860.0,152.0,CO,HDN,IAH,6,1
731.0,615.0,255.0,AA,LGA,DFW,7,0
4540.0,820.0,105.0,MQ,CMH,LGA,2,0
1540.0,1225.0,65.0,WN,PHX,ABQ,7,1
127.0,1290.0,225.0,AS,SEA,FAI,4,1
1197.0,785.0,80.0,WN,BUR,PHX,1,1
3949.0,630.0,55.0,MQ,AZO,ORD,5,0
1182.0,690.0,117.0,US,FLL,CLT,5,0
4153.0,605.0,78.0,9E,DTW,BUF,6,0
5192.0,1075.0,120.0,EV,MLI,ATL,5,1
1017.0,420.0,280.0,WN,MDW,LAX,2,1
2236.0,690.0,130.0,DL,MSP,BIL,2,0
1635.0,905.0,250.0,AA,JFK,SJU,1,0
2013.0,1045.0,145.0,DL,JFK,CVG,2,0
347.0,925.0,42.0,HA,KOA,HNL,5,0
3081.0,1160.0,85.0,WN,MSY,DAL,4,1
474.0,690.0,50.0,WN,BWI,ORF,4,1
1316.0,707.0,173.0,DL,DEN,ATL,5,1
1120.0,510.0,90.0,CO,EWR,BOS,3,1
2468.0,1155.0,107.0,DL,ATL,PIT,7,0
2461.0,480.0,285.0,WN,PHL,DEN,5,0
1048.0,880.0,60.0,WN,DAL,SAT,1,1
2596.0,460.0,64.0,XE,CLE,IND,4,0
6274.0,961.0,125.0,OO,ORD,HPN,1,1
3763.0,1185.0,125.0,WN,SEA,SJC,5,1
2134.0,960.0,74.0,US,LGA,BOS,5,0
4016.0,560.0,55.0,MQ,ORD,FWA,5,0
2600.0,645.0,119.0,XE,ABQ,IAH,4,0
667.0,553.0,167.0,B6,BUF,MCO,2,0
2260.0,950.0,134.0,XE,EWR,CVG,3,0
120.0,526.0,42.0,HA,HNL,KOA,5,1
1294.0,1130.0,95.0,WN,PHX,SLC,3,1
6511.0,1063.0,93.0,OO,TUS,LAX,3,1
6397.0,960.0,54.0,OO,LAX,SBP,1,1
1738.0,1100.0,103.0,DL,ATL,DCA,4,0
645.0,725.0,195.0,AS,PHX,SEA,6,0
7072.0,860.0,110.0,EV,MHT,IAD,7,1
2034.0,1220.0,163.0,DL,ATL,MSP,2,1
1079.0,920.0,360.0,DL,MSP,ANC,6,1
2859.0,680.0,65.0,YV,FLG,PHX,3,0
4558.0,825.0,144.0,OO,SLC,TUL,7,1
194.0,405.0,190.0,CO,LAX,IAH,4,0
1849.0,1165.0,178.0,US,PHL,MSP,5,0
4031.0,555.0,122.0,9E,MEM,LBB,4,0
582.0,1170.0,161.0,UA,ORD,TPA,5,0
5546.0,825.0,57.0,EV,ATL,GSP,7,1
1592.0,385.0,249.0,DL,SAN,ATL,2,1
553.0,1145.0,175.0,AA,RSW,DFW,1,1
45.0,1150.0,170.0,WN,HOU,BWI,1,1
357.0,935.0,70.0,WN,BWI,ALB,1,1
1018.0,930.0,73.0,DL,DTW,IND,4,0
2422.0,430.0,80.0,WN,PHX,SNA,5,0
1910.0,945.0,121.0,DL,DFW,ATL,5,1
34.0,840.0,288.0,UA,OGG,SFO,1,1
2698.0,825.0,83.0,DL,MSP,GRR,5,0
2093.0,495.0,183.0,DL,BDL,MSP,4,1
2745.0,540.0,332.0,DL,DTW,SFO,3,1
2244.0,790.0,69.0,DL,MSP,MKE,6,0
1173.0,970.0,200.0,WN,PHX,MDW,4,1
532.0,760.0,84.0,FL,ATL,MEM,4,0
4370.0,1140.0,110.0,MQ,ORD,MHK,4,0
1757.0,500.0,305.0,DL,ATL,SNA,1,0
856.0,485.0,75.0,WN,ABQ,PHX,4,1
4152.0,1135.0,109.0,9E,MEM,GRR,4,1
2639.0,1350.0,133.0,YV,CLT,LIT,5,0
4359.0,585.0,55.0,9E,RST,MSP,7,1
6667.0,1016.0,199.0,OO,SFO,MCI,5,1
5192.0,1075.0,120.0,EV,MLI,ATL,6,0
130.0,1110.0,93.0,B6,JFK,BUF,1,0
690.0,1055.0,60.0,WN,HOU,HRL,3,1
568.0,525.0,352.0,CO,EWR,LAS,2,0
1067.0,1270.0,65.0,AA,DFW,SAT,2,0
2442.0,480.0,205.0,WN,AUS,LAX,7,1
959.0,1006.0,158.0,FL,BWI,FLL,4,1
1211.0,745.0,130.0,WN,JAN,BWI,6,0
1139.0,1020.0,185.0,AA,DTW,DFW,4,1
1578.0,865.0,95.0,AA,DFW,STL,4,1
18.0,626.0,202.0,UA,DEN,BWI,4,0
3419.0,1105.0,150.0,WN,TPA,PHL,5,0
1499.0,530.0,70.0,WN,MDW,STL,5,1
1293.0,790.0,145.0,WN,MCO,PHL,5,1
2361.0,899.0,154.0,XE,EWR,ORD,7,0
158.0,590.0,180.0,US,PHX,STL,7,0
522.0,470.0,145.0,AS,SEA,BUR,6,0
460.0,545.0,105.0,FL,ATL,BWI,7,0
192.0,1265.0,315.0,AA,LAX,BOS,3,0
2835.0,1199.0,134.0,YV,PHX,AUS,4,0
490.0,330.0,182.0,CO,SLC,IAH,1,1
1249.0,775.0,135.0,AA,DCA,STL,5,0
6632.0,959.0,103.0,OH,DCA,LEX,1,0
1244.0,960.0,60.0,WN,RDU,BWI,3,1
2396.0,505.0,250.0,AA,EGE,JFK,4,1
1514.0,920.0,170.0,AA,ONT,DFW,4,1
6317.0,1120.0,122.0,OH,RDU,DTW,3,0
6831.0,712.0,146.0,OO,COS,ORD,3,0
1411.0,500.0,143.0,US,BDL,CLT,4,0
3127.0,1105.0,103.0,XE,IAH,LBB,2,0
3404.0,815.0,205.0,WN,HOU,LAS,6,1
6712.0,1046.0,69.0,OO,RNO,SFO,1,1
656.0,1275.0,160.0,AA,DFW,BWI,4,0
2602.0,420.0,72.0,YV,SAV,CLT,7,0
962.0,985.0,135.0,WN,MSP,DEN,1,1
6595.0,895.0,180.0,OH,JFK,ORD,5,1
515.0,580.0,145.0,WN,BWI,STL,3,1
238.0,655.0,150.0,WN,STL,DEN,4,1
2707.0,825.0,85.0,MQ,DFW,LRD,2,1
599.0,630.0,195.0,AA,LGA,MIA,2,0
477.0,440.0,115.0,WN,BUF,MDW,3,1
1539.0,1050.0,205.0,AA,MIA,ORD,5,0
313.0,555.0,112.0,US,OAK,PHX,6,0
1629.0,420.0,215.0,AA,RIC,DFW,7,0
1066.0,1140.0,105.0,WN,BOI,OAK,1,1
4076.0,1100.0,140.0,9E,BNA,MSP,4,1
3129.0,935.0,118.0,XE,IAH,STL,1,0
2974.0,615.0,114.0,XE,IAH,MCI,1,0
2236.0,855.0,167.0,XE,MSP,EWR,5,1
2155.0,535.0,70.0,WN,SMF,BUR,5,0
3152.0,690.0,98.0,XE,IAH,AMA,5,0
3578.0,455.0,95.0,WN,ABQ,LAS,4,1
440.0,1345.0,127.0,FL,ATL,MKE,2,0
981.0,950.0,65.0,WN,LAS,BUR,3,1
728.0,335.0,231.0,B6,BQN,JFK,1,0
1282.0,974.0,89.0,B6,RIC,BOS,2,0
187.0,881.0,42.0,HA,KOA,HNL,5,0
988.0,1335.0,106.0,FL,ATL,PIT,4,0
4066.0,425.0,80.0,MQ,ORD,DSM,2,1
179.0,1110.0,345.0,CO,SNA,OGG,1,0
1954.0,810.0,69.0,DL,ATL,JAX,7,1
1468.0,535.0,85.0,AA,DFW,MEM,6,0
5007.0,655.0,112.0,EV,ATL,SHV,4,1
326.0,1169.0,105.0,DL,CMH,ATL,3,0
2652.0,770.0,66.0,YV,ILM,CLT,5,1
500.0,770.0,120.0,UA,SFO,PHX,2,0
6763.0,910.0,94.0,OH,JFK,SYR,6,0
335.0,691.0,138.0,FL,PHL,ATL,2,1
373.0,780.0,110.0,AS,SMF,SEA,3,0
1325.0,895.0,110.0,WN,MDW,BWI,4,1
1798.0,1145.0,85.0,AA,LAX,SFO,5,1
1216.0,630.0,265.0,WN,LAS,MCO,7,0
2065.0,435.0,175.0,DL,BDL,ATL,7,1
4679.0,790.0,75.0,OO,BZN,SLC,1,0
3906.0,1170.0,110.0,MQ,ORD,SYR,2,1
5429.0,1238.0,97.0,EV,ATL,MLU,2,0
1417.0,1045.0,202.0,DL,ATL,DEN,5,1
3170.0,1140.0,75.0,WN,ONT,OAK,1,1
3485.0,465.0,110.0,WN,BNA,MCO,3,1
3341.0,815.0,145.0,WN,HOU,MDW,5,1
3766.0,955.0,155.0,MQ,ORD,DEN,5,1
3079.0,930.0,65.0,WN,BNA,STL,2,1
101.0,930.0,225.0,AS,SEA,ANC,2,1
186.0,933.0,326.0,UA,SFO,PHL,4,1
3943.0,520.0,120.0,MQ,ORD,TUL,4,0
636.0,1273.0,320.0,B6,SFO,BOS,2,1
3903.0,1075.0,120.0,MQ,CRW,ORD,2,0
1794.0,1385.0,238.0,US,LAS,CLT,3,1
473.0,708.0,181.0,F9,RSW,MKE,3,1
7027.0,491.0,62.0,OO,DEN,DRO,5,1
969.0,1067.0,238.0,UA,SJU,IAD,6,0
1423.0,1145.0,50.0,WN,BWI,ORF,1,1
1798.0,1145.0,85.0,AA,LAX,SFO,7,1
3610.0,785.0,110.0,MQ,BHM,MIA,2,0
5575.0,475.0,99.0,EV,ILM,ATL,4,0
4953.0,1031.0,95.0,EV,ATL,BTR,4,1
4085.0,360.0,110.0,9E,ABE,DTW,5,0
1593.0,1205.0,157.0,CO,MCO,EWR,2,1
341.0,1143.0,152.0,FL,PHL,ATL,5,0
553.0,772.0,137.0,FL,BUF,ATL,7,1
1027.0,575.0,95.0,WN,MCI,DAL,3,1
15.0,815.0,655.0,CO,EWR,HNL,7,1
2130.0,443.0,167.0,XE,OMA,EWR,2,0
717.0,849.0,91.0,FL,CAK,LGA,6,1
349.0,851.0,145.0,FL,BWI,SRQ,5,1
6581.0,1214.0,35.0,OO,DEN,COS,7,1
2294.0,615.0,100.0,WN,SAN,SMF,1,1
1717.0,660.0,207.0,DL,ATL,DEN,5,0
1733.0,1190.0,235.0,AA,ORD,PHX,6,0
1254.0,390.0,83.0,DL,PNS,ATL,3,0
1381.0,825.0,90.0,WN,MDW,MCI,1,1
339.0,686.0,183.0,UA,DEN,SEA,4,1
2079.0,1015.0,140.0,WN,OAK,DEN,5,1
580.0,590.0,70.0,WN,SDF,STL,3,0
2802.0,655.0,50.0,MQ,TYR,DFW,4,0
5269.0,1085.0,105.0,EV,DCA,CVG,3,1
2767.0,875.0,95.0,XE,ALB,CLE,6,0
5276.0,520.0,61.0,EV,CHA,ATL,2,0
1988.0,750.0,195.0,DL,LAS,MEM,5,1
7336.0,1099.0,147.0,EV,JAX,DTW,4,1
6527.0,525.0,102.0,OH,JFK,ROC,5,0
4751.0,1175.0,73.0,OO,BOI,SLC,4,0
1870.0,1165.0,87.0,DL,MSP,GRR,3,0
529.0,1110.0,221.0,CO,DEN,EWR,4,0
3945.0,585.0,55.0,9E,LSE,MSP,5,1
3095.0,682.0,176.0,XE,CMH,IAH,2,0
45.0,920.0,195.0,CO,EWR,MIA,3,1
160.0,705.0,160.0,WN,DEN,SMF,5,0
733.0,814.0,164.0,UA,DEN,SFO,5,0
6544.0,639.0,55.0,OO,ASE,DEN,7,0
6879.0,426.0,81.0,OO,SFO,SBA,4,1
468.0,360.0,132.0,UA,SEA,SFO,1,0
3059.0,985.0,105.0,WN,PDX,SLC,7,0
7026.0,909.0,71.0,OO,FAT,LAX,4,0
1294.0,1075.0,140.0,AA,IAH,MIA,5,0
2770.0,730.0,85.0,MQ,LFT,DFW,1,0
454.0,1170.0,168.0,CO,FLL,CLE,6,0
5249.0,677.0,92.0,EV,ILM,ATL,5,0
596.0,1325.0,128.0,FL,ATL,ROC,3,0
4567.0,500.0,155.0,MQ,LGA,BNA,6,0
564.0,1135.0,125.0,WN,MDW,MHT,5,1
1424.0,425.0,85.0,WN,SFO,SAN,2,0
2673.0,795.0,91.0,YV,CLT,CVG,2,0
2648.0,536.0,135.0,DL,ATL,BUF,6,0
1981.0,705.0,150.0,AA,ATL,DFW,3,0
371.0,450.0,140.0,DL,ATL,IAH,4,0
281.0,415.0,165.0,FL,BOS,ATL,2,0
7812.0,1259.0,70.0,OO,RKS,GCC,6,0
6492.0,963.0,145.0,OO,LIT,DEN,4,0
6477.0,766.0,83.0,OO,LAX,SMF,3,0
4504.0,660.0,70.0,MQ,LGA,BOS,5,0
1976.0,535.0,90.0,WN,STL,DTW,3,1
4555.0,1220.0,98.0,OO,SLC,ONT,2,1
1282.0,974.0,89.0,B6,RIC,BOS,2,1
351.0,755.0,135.0,WN,SAN,DEN,4,1
6292.0,1229.0,71.0,OO,MRY,LAX,2,0
200.0,810.0,233.0,UA,SEA,ORD,3,1
1624.0,885.0,245.0,AA,LAX,ORD,2,0
2149.0,1040.0,135.0,WN,JAX,PHL,6,1
1014.0,971.0,124.0,US,CLT,ORD,2,1
4041.0,920.0,50.0,MQ,ORD,BMI,5,0
882.0,755.0,70.0,WN,BDL,BWI,1,1
4235.0,885.0,147.0,9E,JFK,CLT,3,0
2982.0,1180.0,75.0,WN,SJC,SNA,3,1
5357.0,525.0,122.0,EV,DTW,STL,2,1
6760.0,659.0,40.0,OO,COS,DEN,7,0
1978.0,1096.0,135.0,AA,DFW,TPA,3,0
75.0,599.0,338.0,US,JFK,PHX,6,0
3215.0,635.0,65.0,MQ,DFW,HOU,4,0
671.0,525.0,177.0,FL,MKE,MCO,1,0
364.0,360.0,140.0,WN,SAT,DEN,7,1
1050.0,345.0,60.0,US,RDU,CLT,3,1
2241.0,906.0,115.0,DL,SLC,LAX,6,1
3096.0,570.0,180.0,WN,LAS,LIT,6,1
6636.0,712.0,131.0,OO,PSC,DEN,3,0
1789.0,535.0,190.0,AA,DFW,SAN,1,0
4241.0,1185.0,120.0,MQ,ORD,RDU,7,1
2748.0,475.0,125.0,MQ,DFW,GSP,4,0
673.0,820.0,149.0,DL,EWR,ATL,3,0
5435.0,360.0,98.0,EV,MLU,ATL,3,1
4095.0,1170.0,87.0,9E,MSP,SBN,4,0
4287.0,460.0,87.0,9E,CVG,DTW,1,0
6472.0,785.0,110.0,OH,MDT,CVG,1,0
2025.0,480.0,94.0,US,BOS,DCA,5,1
4469.0,675.0,72.0,OO,CVG,PIT,7,1
996.0,1250.0,95.0,WN,DAL,STL,2,1
6692.0,485.0,214.0,OH,IAH,JFK,1,0
894.0,700.0,115.0,WN,TPA,ORF,1,0
4526.0,625.0,110.0,MQ,CMH,LGA,2,1
2163.0,1131.0,94.0,XE,TUL,IAH,5,0
4299.0,690.0,115.0,MQ,BUF,ORD,5,0
3450.0,360.0,70.0,MQ,XNA,DFW,1,0
1644.0,915.0,160.0,AA,LAS,DFW,5,0
849.0,485.0,380.0,AA,MIA,SFO,5,0
3396.0,430.0,75.0,MQ,MAF,DFW,7,0
4258.0,615.0,85.0,9E,BOS,JFK,7,0
5164.0,1077.0,63.0,EV,ATL,CAE,7,0
2522.0,1049.0,176.0,XE,MSP,IAH,5,0
413.0,775.0,230.0,WN,LAX,BNA,4,1
828.0,450.0,255.0,AA,SJC,ORD,2,0
1328.0,1235.0,80.0,WN,ONT,SMF,1,0
5254.0,900.0,114.0,EV,ATL,MDT,1,1
733.0,825.0,164.0,UA,DEN,SFO,6,1
5994.0,637.0,106.0,XE,XNA,ORD,1,1
1471.0,930.0,70.0,WN,BWI,BUF,6,1
410.0,608.0,163.0,UA,DEN,CMH,2,0
4784.0,1185.0,162.0,OO,SLC,MSP,5,1
1267.0,540.0,140.0,DL,MHT,DTW,5,0
720.0,990.0,193.0,F9,DEN,DCA,7,1
406.0,983.0,215.0,UA,DEN,LGA,3,1
470.0,910.0,157.0,AS,SEA,LAX,2,1
4953.0,1091.0,99.0,EV,BTR,ATL,4,0
