N1,N2,N3,C1,C2,C3,label
15.0,71.12,10.0,Fri,AM,HIIT,1
8.0,80.65,5.0,Wed,PM,HIIT,0
7.0,94.23,14.0,Sun,AM,Cycling,0
12.0,79.68,2.0,Mon,AM,HIIT,0
5.0,135.18,8.0,Thu,AM,HIIT,0
9.0,73.95,2.0,Mon,AM,,0
11.0,76.82,4.0,Tue,PM,HIIT,0
4.0,75.82,10.0,Fri,AM,Cycling,0
15.0,71.89,8.0,Thu,AM,Yoga,0
8.0,92.4,2.0,Mon,AM,Aqua,1
5.0,72.36,11.0,Thu,PM,Cycling,0
6.0,75.8,14.0,Sun,AM,Cycling,0
10.0,91.94,10.0,Fri,AM,Aqua,0
7.0,90.14,10.0,Fri,AM,HIIT,0
16.0,74.09,1.0,Mon,PM,Cycling,1
9.0,81.65,8.0,Thu,AM,Strength,0
10.0,66.72,10.0,Wed,PM,HIIT,0
19.0,64.09,14.0,Sun,PM,Yoga,0
20.0,78.85,5.0,Wed,PM,HIIT,1
7.0,100.32,2.0,Mon,AM,HIIT,0
10.0,80.73,12.0,Sat,PM,Cycling,0
16.0,87.89,15.0,Thu,PM,HIIT,0
9.0,69.62,2.0,Mon,AM,HIIT,0
12.0,74.0,4.0,Tue,AM,HIIT,1
10.0,76.58,8.0,Thu,AM,Yoga,0
31.0,66.13,14.0,Sun,AM,Cycling,0
13.0,71.99,6.0,Wed,AM,Strength,0
12.0,72.82,10.0,Fri,AM,HIIT,0
6.0,69.03,6.0,Wed,AM,Strength,0
16.0,81.9,9.0,Thu,AM,HIIT,1
21.0,69.0,4.0,Tue,PM,Yoga,1
14.0,69.96,8.0,Thu,AM,HIIT,0
15.0,78.13,14.0,Sun,AM,HIIT,0
16.0,83.76,2.0,Mon,AM,HIIT,0
7.0,83.9,7.0,Thu,PM,Strength,0
16.0,79.57,8.0,Thu,AM,Cycling,0
6.0,102.68,14.0,Sun,AM,HIIT,0
14.0,85.02,4.0,Tue,PM,Cycling,0
17.0,71.35,4.0,Tue,PM,,0
20.0,75.51,4.0,Tue,AM,HIIT,0
7.0,77.8,10.0,Fri,AM,Aqua,0
21.0,69.93,10.0,Fri,AM,HIIT,0
13.0,75.8,12.0,Sat,AM,Aqua,0
4.0,71.07,12.0,Sat,PM,HIIT,0
5.0,108.14,8.0,Thu,AM,Yoga,1
6.0,98.25,4.0,Tue,AM,Cycling,0
5.0,107.06,10.0,Fri,AM,Yoga,0
20.0,83.84,8.0,Thu,AM,Cycling,1
23.0,83.65,5.0,Tue,PM,Cycling,1
12.0,84.13,29.0,Sun,PM,Strength,0
28.0,76.94,2.0,Mon,AM,Strength,1
10.0,88.27,11.0,Thu,PM,Yoga,0
7.0,76.82,10.0,Fri,AM,Strength,0
11.0,85.39,4.0,Tue,AM,Strength,0
9.0,90.76,12.0,Sat,PM,HIIT,0
7.0,81.37,12.0,Sat,AM,Cycling,1
12.0,89.83,12.0,Sat,AM,Cycling,0
10.0,81.56,14.0,Sun,AM,Strength,0
7.0,86.0,17.0,Sun,PM,HIIT,0
8.0,75.38,10.0,Fri,AM,Yoga,0
12.0,113.45,12.0,Sat,AM,Cycling,0
13.0,73.52,14.0,Sun,AM,Strength,1
13.0,73.31,12.0,Sat,PM,Cycling,0
8.0,85.33,14.0,Sun,AM,Strength,0
5.0,89.44,4.0,Tue,AM,Yoga,0
12.0,65.59,4.0,Tue,AM,Strength,0
13.0,98.72,8.0,Thu,AM,HIIT,0
11.0,76.05,10.0,Fri,AM,Cycling,0
12.0,69.33,4.0,Tue,AM,Strength,0
17.0,77.19,14.0,Sun,AM,HIIT,1
9.0,75.63,12.0,Sat,AM,HIIT,0
3.0,80.49,10.0,Fri,AM,Strength,0
25.0,73.09,10.0,Fri,AM,Yoga,0
6.0,89.52,9.0,Thu,PM,Cycling,0
15.0,69.83,3.0,Mon,AM,Cycling,0
22.0,78.21,4.0,Tue,AM,Cycling,0
19.0,69.63,10.0,Fri,AM,HIIT,1
17.0,89.54,12.0,Sat,AM,HIIT,0
9.0,89.78,10.0,Fri,AM,HIIT,0
12.0,82.03,4.0,Tue,AM,HIIT,0
18.0,74.43,10.0,Fri,AM,HIIT,1
12.0,92.52,8.0,Thu,AM,Strength,0
28.0,68.42,8.0,Thu,AM,HIIT,0
8.0,118.88,6.0,Wed,AM,Cycling,0
19.0,88.18,12.0,Sat,PM,HIIT,1
9.0,100.57,8.0,Thu,PM,Cycling,0
9.0,75.91,14.0,Sun,AM,Strength,0
11.0,78.02,10.0,Fri,AM,Strength,0
14.0,,1.0,Mon,PM,Aqua,0
7.0,85.46,9.0,Wed,PM,HIIT,0
4.0,107.11,10.0,Fri,AM,Cycling,0
13.0,73.16,10.0,Fri,AM,Strength,0
15.0,96.49,14.0,Sun,AM,Yoga,0
19.0,79.09,8.0,Thu,PM,HIIT,1
11.0,101.27,8.0,Thu,AM,HIIT,0
8.0,81.06,4.0,Tue,PM,HIIT,0
1.0,112.5,12.0,Fri,PM,Yoga,0
7.0,89.32,10.0,Fri,AM,HIIT,0
14.0,86.68,2.0,Mon,AM,HIIT,0
13.0,95.97,2.0,Mon,AM,Cycling,0
23.0,88.97,10.0,Fri,AM,Cycling,0
20.0,81.84,10.0,Fri,AM,HIIT,0
13.0,70.49,12.0,Sat,AM,Aqua,0
9.0,86.87,14.0,Sun,AM,Cycling,0
4.0,91.43,7.0,Wed,AM,Cycling,0
13.0,87.31,12.0,Sat,AM,Strength,0
15.0,97.98,10.0,Fri,AM,HIIT,1
8.0,84.11,6.0,Wed,AM,Cycling,0
13.0,73.96,8.0,Thu,AM,Yoga,0
8.0,84.64,4.0,Tue,AM,HIIT,0
3.0,100.9,10.0,Fri,AM,HIIT,0
16.0,76.12,8.0,Thu,AM,Strength,0
38.0,72.88,1.0,Mon,PM,HIIT,0
9.0,83.71,6.0,Wed,AM,HIIT,0
11.0,69.73,14.0,Sun,PM,Cycling,0
19.0,83.51,4.0,Tue,AM,Strength,1
14.0,94.72,2.0,Mon,AM,Cycling,1
6.0,100.43,10.0,Thu,PM,Aqua,0
10.0,85.67,2.0,Mon,AM,HIIT,0
37.0,73.32,2.0,Mon,AM,Strength,1
27.0,63.85,12.0,Sat,AM,HIIT,1
13.0,81.79,14.0,Sun,AM,Cycling,0
41.0,73.9,8.0,Thu,AM,HIIT,0
12.0,81.62,10.0,Fri,AM,HIIT,0
6.0,95.1,4.0,Tue,AM,HIIT,0
12.0,81.96,2.0,Mon,PM,Cycling,0
9.0,69.85,8.0,Thu,AM,HIIT,0
6.0,80.26,8.0,Wed,PM,HIIT,0
30.0,66.24,10.0,Fri,AM,HIIT,1
18.0,79.71,4.0,Tue,AM,HIIT,1
26.0,74.46,10.0,Fri,AM,HIIT,0
14.0,74.33,6.0,Wed,AM,HIIT,0
13.0,73.05,14.0,Sun,PM,HIIT,1
21.0,71.45,2.0,Mon,AM,HIIT,0
11.0,84.37,2.0,Mon,AM,Aqua,1
5.0,78.28,2.0,Mon,AM,HIIT,0
12.0,88.42,9.0,Thu,AM,Yoga,0
15.0,79.02,12.0,Sat,AM,Strength,0
27.0,78.81,10.0,Fri,AM,HIIT,1
10.0,100.37,12.0,Sat,PM,HIIT,0
15.0,78.07,8.0,Thu,AM,HIIT,0
33.0,70.46,10.0,Fri,AM,Yoga,1
14.0,80.76,14.0,Sun,AM,Strength,0
9.0,80.3,15.0,Sun,PM,Yoga,0
18.0,74.33,2.0,Mon,AM,Cycling,1
8.0,78.23,4.0,Tue,PM,HIIT,0
17.0,69.11,4.0,Tue,AM,HIIT,0
15.0,73.72,12.0,Sat,AM,Cycling,0
11.0,106.25,4.0,Tue,PM,HIIT,1
39.0,74.52,6.0,Wed,PM,Strength,1
14.0,86.97,10.0,Fri,AM,Strength,0
11.0,70.23,14.0,Sun,AM,Strength,0
17.0,59.56,10.0,Fri,AM,Cycling,1
15.0,72.29,12.0,Sat,AM,HIIT,0
15.0,71.06,2.0,Mon,AM,Yoga,1
27.0,65.59,10.0,Fri,AM,Strength,1
6.0,73.63,8.0,Thu,AM,Yoga,0
4.0,90.56,8.0,Thu,AM,Strength,0
5.0,80.71,10.0,Fri,AM,Strength,0
12.0,79.79,2.0,Mon,AM,HIIT,0
7.0,94.0,10.0,Fri,AM,HIIT,0
15.0,66.06,15.0,Sun,PM,Aqua,0
8.0,89.73,4.0,Tue,AM,HIIT,0
8.0,93.09,14.0,Sun,AM,Cycling,0
10.0,111.31,10.0,Fri,AM,HIIT,0
10.0,81.69,8.0,Thu,AM,HIIT,0
10.0,70.79,6.0,Wed,PM,Cycling,0
19.0,84.1,3.0,Mon,AM,HIIT,0
25.0,79.99,4.0,Tue,AM,Cycling,1
5.0,89.14,13.0,Sun,PM,Strength,0
6.0,80.74,8.0,Thu,PM,HIIT,0
19.0,82.98,4.0,Tue,AM,Cycling,0
6.0,79.07,4.0,Tue,AM,HIIT,0
9.0,91.27,2.0,Mon,AM,Cycling,0
16.0,70.3,13.0,Sat,PM,Cycling,0
9.0,93.47,8.0,Thu,PM,Strength,0
14.0,94.11,14.0,Sun,AM,Yoga,0
21.0,68.11,4.0,Tue,PM,Cycling,0
7.0,90.71,15.0,Sun,PM,Aqua,1
13.0,80.89,10.0,Fri,AM,Strength,0
11.0,87.37,3.0,Mon,PM,HIIT,0
11.0,76.69,2.0,Mon,PM,HIIT,0
6.0,84.71,8.0,Thu,PM,Aqua,1
22.0,63.16,2.0,Mon,AM,Strength,1
9.0,82.29,2.0,Mon,PM,Cycling,0
9.0,82.13,10.0,Thu,PM,HIIT,0
27.0,74.64,10.0,Fri,AM,Yoga,1
16.0,86.73,8.0,Thu,AM,Aqua,1
20.0,90.68,10.0,Fri,AM,Cycling,0
29.0,89.55,2.0,Mon,AM,Strength,0
21.0,64.96,14.0,Sun,AM,HIIT,1
9.0,85.91,4.0,Tue,PM,HIIT,1
18.0,96.81,13.0,Sat,PM,Cycling,0
93.0,64.42,12.0,Sat,AM,Strength,1
6.0,108.2,8.0,Wed,PM,Strength,0
10.0,75.63,4.0,Tue,PM,Strength,0
17.0,91.63,10.0,Fri,AM,Yoga,1
6.0,79.01,9.0,Thu,PM,Yoga,0
8.0,82.16,10.0,Fri,AM,Strength,0
7.0,102.6,12.0,Sat,AM,HIIT,0
8.0,90.12,12.0,Sat,AM,HIIT,0
8.0,86.34,10.0,Fri,AM,HIIT,0
19.0,76.36,10.0,Fri,AM,Strength,0
10.0,72.93,4.0,Tue,AM,Cycling,1
5.0,88.39,14.0,Sun,AM,Strength,0
9.0,83.06,10.0,Fri,AM,Cycling,0
12.0,77.72,10.0,Fri,AM,HIIT,0
3.0,81.58,10.0,Fri,AM,HIIT,0
8.0,81.32,4.0,Tue,AM,Cycling,0
20.0,69.43,14.0,Sun,AM,Aqua,1
24.0,65.01,3.0,Mon,AM,Yoga,1
8.0,101.32,5.0,Tue,PM,Yoga,0
13.0,92.64,10.0,Fri,AM,HIIT,1
13.0,77.43,10.0,Fri,AM,,0
52.0,69.34,10.0,Fri,AM,HIIT,1
17.0,72.1,7.0,Thu,PM,HIIT,0
6.0,98.75,2.0,Mon,AM,Yoga,0
19.0,72.23,10.0,Fri,AM,Yoga,0
6.0,91.61,12.0,Fri,PM,Cycling,0
18.0,74.69,8.0,Thu,AM,Cycling,0
4.0,81.9,4.0,Tue,AM,HIIT,0
7.0,81.54,10.0,Thu,PM,Cycling,0
4.0,103.25,14.0,Sun,AM,HIIT,0
8.0,85.39,8.0,Thu,AM,Yoga,0
6.0,93.79,12.0,Sat,AM,Strength,0
14.0,68.47,14.0,Sun,AM,HIIT,0
20.0,60.1,2.0,Mon,AM,Aqua,0
15.0,77.2,10.0,Fri,AM,Cycling,0
20.0,84.64,2.0,Mon,AM,Strength,0
9.0,102.31,14.0,Sun,AM,Cycling,1
17.0,70.46,10.0,Fri,AM,HIIT,1
25.0,67.46,8.0,Thu,AM,HIIT,1
11.0,94.38,4.0,Tue,PM,HIIT,0
20.0,76.53,6.0,Wed,AM,Cycling,1
10.0,91.96,8.0,Thu,AM,HIIT,0
18.0,93.91,10.0,Fri,AM,Cycling,1
48.0,68.39,10.0,Fri,AM,HIIT,1
5.0,115.91,14.0,Sun,PM,HIIT,0
3.0,95.73,2.0,Mon,PM,HIIT,0
20.0,103.58,8.0,Thu,AM,Cycling,1
8.0,84.49,10.0,Fri,AM,Yoga,0
36.0,76.7,6.0,Wed,AM,Cycling,1
21.0,73.59,4.0,Tue,AM,HIIT,1
39.0,72.72,10.0,Fri,AM,HIIT,1
17.0,80.4,14.0,Sun,PM,Cycling,1
15.0,68.26,10.0,Fri,AM,Cycling,0
19.0,79.35,12.0,Sat,AM,Strength,0
37.0,73.62,15.0,Sun,AM,Strength,1
7.0,83.26,3.0,Tue,PM,Cycling,0
4.0,,14.0,Sun,AM,Cycling,1
37.0,66.89,10.0,Fri,AM,Yoga,1
23.0,90.78,12.0,Sat,AM,Cycling,0
18.0,82.93,12.0,Sat,AM,HIIT,0
13.0,71.55,8.0,Thu,AM,HIIT,0
24.0,72.74,10.0,Fri,AM,Cycling,1
12.0,71.94,12.0,Sat,AM,HIIT,1
9.0,106.16,6.0,Tue,PM,Cycling,0
11.0,92.16,9.0,Thu,PM,Cycling,0
10.0,79.01,2.0,Mon,AM,HIIT,0
7.0,77.92,8.0,Thu,AM,Cycling,0
21.0,74.06,12.0,Sat,AM,Strength,0
17.0,77.38,6.0,Wed,PM,HIIT,0
10.0,88.47,10.0,Fri,AM,Cycling,0
23.0,68.06,8.0,Wed,PM,HIIT,0
4.0,102.62,14.0,Sun,AM,Cycling,0
6.0,83.66,4.0,Tue,AM,Cycling,1
30.0,74.91,7.0,Wed,PM,Yoga,0
12.0,86.26,10.0,Fri,AM,Cycling,1
14.0,78.59,14.0,Sun,AM,HIIT,0
2.0,92.87,10.0,Fri,AM,Strength,0
34.0,58.95,14.0,Sun,AM,HIIT,1
41.0,71.94,12.0,Sat,AM,HIIT,1
21.0,66.49,6.0,Wed,AM,Cycling,0
7.0,78.69,10.0,Fri,AM,HIIT,0
11.0,83.37,6.0,Wed,AM,Cycling,0
7.0,80.6,14.0,Sun,AM,Cycling,1
5.0,84.22,4.0,Tue,AM,Cycling,0
19.0,74.67,10.0,Fri,AM,Yoga,0
8.0,79.69,8.0,Thu,AM,Cycling,0
8.0,89.62,12.0,Sat,AM,Strength,0
6.0,113.32,11.0,Thu,PM,Cycling,0
11.0,87.9,4.0,Tue,AM,HIIT,1
10.0,80.77,8.0,Thu,AM,Yoga,1
26.0,75.31,6.0,Wed,AM,Cycling,1
3.0,101.97,12.0,Sat,AM,Strength,0
12.0,67.23,5.0,Wed,PM,Yoga,0
5.0,85.03,10.0,Fri,AM,Cycling,0
15.0,73.13,12.0,Sat,AM,Cycling,0
4.0,102.47,8.0,Thu,AM,Strength,0
12.0,72.51,2.0,Mon,AM,HIIT,0
13.0,77.89,4.0,Tue,PM,Cycling,1
13.0,84.03,10.0,Fri,AM,Strength,0
19.0,63.11,8.0,Thu,AM,Yoga,0
8.0,88.98,2.0,Mon,PM,Cycling,0
18.0,81.2,12.0,Sat,AM,Cycling,1
6.0,96.62,8.0,Thu,AM,Strength,0
5.0,90.51,11.0,Thu,PM,Yoga,0
24.0,69.93,15.0,Sun,AM,HIIT,1
11.0,85.41,2.0,Mon,AM,HIIT,1
13.0,93.42,8.0,Thu,AM,HIIT,1
25.0,79.71,9.0,Thu,PM,Aqua,1
23.0,74.79,2.0,Mon,PM,Aqua,1
3.0,110.18,8.0,Thu,PM,Strength,0
8.0,79.96,4.0,Tue,AM,HIIT,1
8.0,97.95,3.0,Tue,PM,Strength,0
8.0,99.26,12.0,Sat,AM,Aqua,0
9.0,74.85,2.0,Mon,AM,HIIT,0
19.0,72.34,8.0,Thu,AM,Strength,1
13.0,95.47,6.0,Wed,AM,Strength,0
15.0,74.76,10.0,Fri,AM,HIIT,0
5.0,81.07,4.0,Tue,AM,HIIT,0
5.0,82.28,14.0,Sun,AM,Aqua,0
22.0,82.2,14.0,Sun,AM,Yoga,0
17.0,87.69,10.0,Fri,AM,Cycling,0
22.0,69.52,14.0,Sun,AM,Strength,1
22.0,71.52,10.0,Fri,AM,Strength,1
4.0,71.49,14.0,Sun,AM,Strength,0
4.0,96.79,8.0,Thu,PM,HIIT,0
11.0,89.99,6.0,Wed,AM,Cycling,0
15.0,61.91,14.0,Sun,PM,Yoga,1
22.0,66.78,10.0,Fri,AM,Aqua,1
10.0,,5.0,Tue,PM,HIIT,0
18.0,62.01,14.0,Sun,PM,Cycling,0
21.0,87.43,12.0,Sat,PM,Strength,0
18.0,99.91,12.0,Sat,AM,Strength,1
13.0,83.47,6.0,Wed,AM,Yoga,0
17.0,67.91,12.0,Sat,AM,Strength,0
10.0,73.38,10.0,Fri,AM,HIIT,0
12.0,75.82,12.0,Sat,AM,Cycling,1
5.0,112.86,10.0,Fri,AM,Cycling,0
10.0,85.44,4.0,Tue,AM,HIIT,1
57.0,68.87,9.0,Thu,PM,HIIT,1
4.0,78.62,12.0,Sat,AM,HIIT,0
8.0,93.5,8.0,Thu,AM,HIIT,1
7.0,90.83,10.0,Fri,AM,Cycling,0
11.0,74.57,14.0,Sun,PM,Strength,0
15.0,86.09,10.0,Fri,AM,HIIT,0
13.0,101.34,14.0,Sun,PM,Strength,0
7.0,81.29,14.0,Sun,AM,Cycling,0
12.0,78.93,6.0,Wed,AM,Strength,0
30.0,66.57,10.0,Fri,AM,Cycling,1
2.0,85.67,2.0,Mon,AM,HIIT,0
21.0,76.6,12.0,Sat,AM,Cycling,1
11.0,106.15,10.0,Fri,AM,Cycling,1
4.0,,7.0,Thu,PM,Cycling,0
16.0,,8.0,Thu,AM,Cycling,1
6.0,101.17,12.0,Sat,AM,Cycling,0
4.0,109.09,4.0,Tue,PM,HIIT,0
9.0,99.29,8.0,Thu,AM,Cycling,0
55.0,67.57,5.0,Tue,PM,Cycling,1
6.0,84.3,12.0,Sat,AM,Aqua,0
39.0,88.82,10.0,Fri,AM,HIIT,1
15.0,80.04,15.0,Sun,AM,HIIT,1
11.0,88.68,2.0,Mon,PM,HIIT,0
19.0,79.19,13.0,Sat,PM,Cycling,1
1.0,88.75,4.0,Tue,AM,Cycling,0
18.0,77.85,8.0,Thu,AM,Strength,1
8.0,77.18,12.0,Sat,AM,HIIT,0
16.0,63.06,14.0,Sun,AM,Cycling,1
13.0,82.28,12.0,Sat,AM,Strength,0
43.0,63.19,8.0,Thu,AM,HIIT,1
37.0,78.84,14.0,Sun,AM,Cycling,1
29.0,74.85,8.0,Thu,AM,Cycling,1
15.0,71.99,10.0,Fri,AM,HIIT,0
11.0,81.43,9.0,Fri,PM,Strength,0
9.0,75.12,1.0,Mon,PM,HIIT,0
6.0,98.42,10.0,Fri,AM,HIIT,0
8.0,83.35,12.0,Sat,PM,Strength,0
18.0,87.7,7.0,Wed,PM,Cycling,0
14.0,72.91,12.0,Sat,AM,Yoga,1
6.0,104.78,13.0,Sun,PM,Strength,0
7.0,78.46,6.0,Wed,AM,HIIT,0
31.0,64.05,10.0,Thu,PM,Strength,0
4.0,89.38,11.0,Fri,AM,Strength,0
8.0,94.26,10.0,Fri,AM,Yoga,0
25.0,72.79,4.0,Tue,AM,HIIT,0
5.0,95.52,10.0,Fri,AM,HIIT,1
5.0,71.74,6.0,Wed,PM,Strength,0
7.0,73.57,10.0,Fri,AM,HIIT,0
7.0,112.71,14.0,Sun,AM,HIIT,0
26.0,70.25,8.0,Thu,AM,HIIT,0
29.0,72.52,10.0,Fri,AM,Yoga,1
11.0,136.02,2.0,Mon,AM,HIIT,0
24.0,76.25,14.0,Sun,AM,Strength,1
5.0,122.36,10.0,Fri,AM,Yoga,0
52.0,58.24,4.0,Tue,AM,Aqua,1
8.0,100.23,2.0,Mon,AM,HIIT,1
25.0,75.26,14.0,Sun,AM,HIIT,1
11.0,68.33,8.0,Thu,AM,Strength,0
59.0,72.38,7.0,Wed,PM,Cycling,1
41.0,73.23,14.0,Sun,AM,Yoga,1
13.0,76.75,10.0,Fri,AM,Strength,0
8.0,91.58,8.0,Thu,AM,HIIT,0
14.0,79.86,14.0,Sun,AM,Cycling,0
11.0,85.85,12.0,Thu,PM,Cycling,0
12.0,65.51,4.0,Tue,AM,HIIT,0
12.0,71.65,14.0,Sun,AM,HIIT,0
5.0,100.08,8.0,Thu,AM,HIIT,0
5.0,94.7,6.0,Wed,AM,HIIT,0
12.0,84.1,4.0,Tue,AM,HIIT,0
8.0,92.16,2.0,Mon,AM,HIIT,0
16.0,71.48,10.0,Fri,AM,HIIT,1
6.0,83.13,9.0,Thu,PM,Cycling,0
6.0,93.61,10.0,Fri,AM,HIIT,0
29.0,77.57,2.0,Mon,PM,Cycling,1
24.0,80.01,2.0,Mon,AM,HIIT,1
39.0,81.53,6.0,Wed,AM,Yoga,0
4.0,97.16,4.0,Tue,PM,HIIT,0
9.0,79.54,15.0,Sun,PM,Yoga,0
13.0,98.58,4.0,Tue,AM,Cycling,0
26.0,65.88,2.0,Mon,AM,HIIT,0
16.0,71.36,14.0,Sun,AM,Cycling,1
14.0,82.93,10.0,Fri,AM,HIIT,1
38.0,73.54,12.0,Sat,AM,Yoga,1
9.0,82.14,10.0,Thu,PM,HIIT,0
25.0,70.8,13.0,Sat,PM,HIIT,1
24.0,67.71,12.0,Sat,AM,Cycling,1
7.0,92.87,14.0,Sun,AM,HIIT,0
14.0,85.49,4.0,Tue,AM,HIIT,0
23.0,71.0,6.0,Wed,AM,Cycling,0
16.0,86.86,10.0,Fri,AM,Cycling,0
8.0,84.64,8.0,Thu,AM,,0
10.0,75.19,10.0,Fri,AM,Yoga,0
12.0,77.36,8.0,Thu,PM,Cycling,0
52.0,83.2,10.0,Fri,AM,Cycling,1
8.0,78.59,3.0,Tue,PM,HIIT,0
13.0,87.91,10.0,Fri,AM,HIIT,0
12.0,82.28,8.0,Thu,AM,HIIT,0
9.0,80.63,12.0,Sat,AM,HIIT,0
13.0,71.22,3.0,Mon,AM,Yoga,0
12.0,67.59,8.0,Thu,AM,HIIT,0
5.0,110.13,10.0,Fri,AM,HIIT,0
4.0,86.74,2.0,Mon,AM,Cycling,0
20.0,63.74,2.0,Mon,AM,Cycling,1
8.0,83.73,10.0,Fri,AM,Yoga,0
3.0,95.63,10.0,Fri,AM,Cycling,0
5.0,99.45,10.0,Fri,AM,Aqua,0
24.0,68.35,12.0,Sat,PM,Strength,1
34.0,64.52,14.0,Sun,AM,Yoga,1
4.0,80.76,8.0,Thu,PM,HIIT,1
11.0,90.45,2.0,Mon,AM,Cycling,1
9.0,107.75,10.0,Thu,PM,HIIT,0
8.0,75.28,12.0,Sat,AM,Strength,0
15.0,88.18,2.0,Mon,AM,HIIT,0
19.0,70.41,14.0,Sun,AM,HIIT,0
18.0,76.3,4.0,Tue,AM,HIIT,1
12.0,106.37,6.0,Wed,AM,Cycling,0
33.0,65.48,10.0,Fri,AM,Strength,0
15.0,60.48,2.0,Mon,AM,Strength,1
28.0,70.77,12.0,Sat,AM,HIIT,1
7.0,79.29,4.0,Tue,AM,HIIT,0
6.0,100.76,4.0,Tue,PM,Cycling,0
9.0,87.62,10.0,Fri,AM,Cycling,0
12.0,68.82,2.0,Mon,AM,HIIT,0
21.0,83.07,14.0,Sun,AM,Strength,1
5.0,78.28,7.0,Wed,AM,HIIT,0
6.0,105.3,7.0,Wed,PM,HIIT,0
30.0,62.93,10.0,Fri,AM,HIIT,0
8.0,68.34,12.0,Sat,PM,Aqua,0
11.0,69.41,4.0,Tue,AM,HIIT,0
13.0,67.26,10.0,Fri,AM,Cycling,0
9.0,94.24,6.0,Wed,AM,Strength,0
36.0,77.6,1.0,Mon,PM,Cycling,1
7.0,78.74,2.0,Mon,AM,Strength,0
62.0,57.83,2.0,Mon,AM,HIIT,1
13.0,66.53,4.0,Tue,AM,Yoga,0
29.0,68.63,8.0,Thu,PM,HIIT,1
9.0,92.06,2.0,Mon,AM,HIIT,0
7.0,81.38,10.0,Fri,AM,Cycling,0
4.0,86.88,4.0,Tue,AM,HIIT,0
73.0,66.5,2.0,Mon,AM,HIIT,1
23.0,84.66,2.0,Mon,AM,Cycling,1
16.0,87.83,10.0,Fri,AM,HIIT,0
7.0,79.14,14.0,Sun,AM,HIIT,0
7.0,88.76,12.0,Sat,AM,HIIT,0
5.0,92.9,5.0,Wed,PM,Cycling,0
32.0,77.57,6.0,Wed,AM,Cycling,0
5.0,113.16,4.0,Tue,PM,HIIT,0
7.0,89.94,8.0,Thu,AM,HIIT,0
6.0,84.85,10.0,Fri,AM,Cycling,0
61.0,73.69,10.0,Fri,AM,HIIT,1
7.0,80.18,8.0,Thu,AM,Strength,0
25.0,87.35,15.0,Sun,PM,Cycling,1
20.0,83.41,14.0,Sun,AM,Cycling,1
19.0,84.75,9.0,Fri,PM,HIIT,1
5.0,99.3,8.0,Thu,AM,HIIT,0
6.0,99.08,2.0,Mon,AM,Cycling,0
13.0,87.5,4.0,Tue,AM,HIIT,0
7.0,82.96,2.0,Mon,AM,HIIT,0
8.0,73.43,14.0,Sun,AM,Cycling,0
20.0,85.93,14.0,Sun,AM,HIIT,0
4.0,129.28,10.0,Fri,AM,Yoga,0
12.0,91.48,12.0,Sat,AM,Strength,0
19.0,82.38,3.0,Tue,PM,Strength,0
37.0,,11.0,Sat,PM,HIIT,1
21.0,82.87,9.0,Thu,AM,Cycling,1
17.0,72.14,12.0,Sat,AM,Yoga,1
27.0,75.63,9.0,Thu,PM,Yoga,1
16.0,84.24,10.0,Fri,AM,Cycling,1
5.0,92.65,2.0,Mon,AM,Strength,0
22.0,83.28,4.0,Tue,PM,HIIT,0
13.0,78.59,2.0,Mon,AM,Strength,1
60.0,68.02,12.0,Sat,AM,Cycling,1
7.0,82.81,16.0,Sun,PM,HIIT,0
5.0,84.07,2.0,Mon,AM,HIIT,0
13.0,73.22,4.0,Tue,AM,Cycling,0
21.0,69.62,3.0,Mon,PM,HIIT,1
10.0,76.13,8.0,Thu,AM,HIIT,0
16.0,90.05,2.0,Mon,AM,Cycling,1
15.0,88.37,14.0,Sun,AM,HIIT,0
11.0,76.3,12.0,Sat,AM,Cycling,0
11.0,79.68,10.0,Fri,AM,HIIT,0
29.0,,8.0,Thu,PM,HIIT,1
17.0,90.19,12.0,Sat,PM,HIIT,0
25.0,79.19,2.0,Mon,AM,HIIT,1
9.0,95.9,10.0,Fri,AM,HIIT,0
16.0,74.33,10.0,Fri,AM,HIIT,1
8.0,85.87,5.0,Wed,PM,Cycling,0
19.0,62.4,10.0,Fri,AM,HIIT,1
7.0,73.95,2.0,Mon,AM,Cycling,0
7.0,89.22,9.0,Thu,PM,Cycling,0
16.0,73.94,12.0,Sat,AM,Strength,0
14.0,77.98,7.0,Wed,PM,Strength,0
11.0,114.87,15.0,Sun,PM,HIIT,0
57.0,70.39,14.0,Sun,AM,Cycling,1
6.0,80.45,12.0,Sat,AM,Cycling,0
44.0,67.44,6.0,Wed,AM,Yoga,1
14.0,79.27,11.0,Fri,AM,Cycling,0
6.0,94.41,4.0,Tue,AM,Cycling,0
11.0,98.58,14.0,Sun,PM,Aqua,0
10.0,74.35,3.0,Tue,PM,HIIT,0
13.0,95.72,4.0,Tue,AM,HIIT,1
17.0,92.08,8.0,Thu,AM,HIIT,0
8.0,79.36,12.0,Sat,AM,HIIT,0
33.0,81.55,8.0,Thu,AM,Cycling,1
20.0,75.03,8.0,Thu,AM,HIIT,0
9.0,77.71,12.0,Sat,AM,HIIT,0
25.0,74.69,10.0,Fri,AM,Cycling,1
7.0,90.64,9.0,Tue,PM,HIIT,0
18.0,90.76,10.0,Fri,AM,HIIT,0
20.0,98.05,10.0,Fri,AM,Strength,1
11.0,83.12,10.0,Fri,AM,HIIT,0
38.0,82.68,10.0,Fri,AM,Cycling,1
5.0,82.61,12.0,Sat,AM,Yoga,0
3.0,170.52,14.0,Sun,AM,Yoga,0
24.0,65.4,4.0,Tue,AM,HIIT,1
8.0,72.63,14.0,Sun,PM,Strength,1
6.0,94.94,2.0,Mon,AM,Strength,0
26.0,71.87,10.0,Fri,AM,Strength,1
29.0,71.22,12.0,Sat,AM,HIIT,1
12.0,99.32,2.0,Mon,AM,Cycling,0
34.0,70.09,4.0,Tue,AM,HIIT,1
5.0,114.17,2.0,Mon,AM,Strength,0
4.0,86.59,12.0,Sat,AM,Strength,0
11.0,69.61,10.0,Fri,AM,HIIT,1
12.0,78.39,10.0,Fri,AM,HIIT,1
4.0,109.82,10.0,Fri,AM,HIIT,0
4.0,78.5,5.0,Tue,PM,HIIT,0
5.0,86.21,3.0,Mon,AM,HIIT,0
19.0,69.65,2.0,Mon,AM,Yoga,0
13.0,66.22,11.0,Sat,PM,Cycling,0
50.0,71.86,11.0,Sat,PM,HIIT,1
9.0,76.1,4.0,Tue,AM,HIIT,0
5.0,91.71,10.0,Fri,AM,Cycling,0
53.0,61.2,4.0,Tue,AM,HIIT,1
10.0,101.37,10.0,Fri,AM,HIIT,0
16.0,81.5,4.0,Tue,AM,HIIT,1
14.0,69.0,14.0,Sun,AM,Cycling,1
17.0,85.26,6.0,Wed,AM,Yoga,0
36.0,58.42,4.0,Mon,PM,HIIT,0
18.0,88.77,14.0,Sun,AM,Cycling,1
8.0,75.14,2.0,Mon,AM,HIIT,0
18.0,78.63,7.0,Wed,PM,Cycling,0
6.0,111.44,10.0,Fri,AM,Aqua,0
9.0,83.07,2.0,Mon,AM,Strength,0
30.0,65.6,9.0,Fri,PM,Cycling,0
5.0,107.38,2.0,Mon,AM,Cycling,0
8.0,101.45,12.0,Sat,AM,Cycling,0
19.0,72.1,5.0,Tue,PM,Cycling,0
25.0,73.49,8.0,Thu,PM,Aqua,1
12.0,80.56,2.0,Mon,AM,HIIT,1
5.0,81.42,14.0,Sun,AM,HIIT,0
10.0,88.58,2.0,Mon,AM,HIIT,1
27.0,83.32,8.0,Thu,AM,Yoga,1
13.0,98.4,6.0,Wed,PM,HIIT,0
11.0,70.91,4.0,Tue,PM,Aqua,0
4.0,92.01,13.0,Sun,PM,HIIT,0
36.0,66.3,10.0,Fri,AM,HIIT,1
10.0,99.92,10.0,Fri,AM,Strength,0
22.0,73.89,4.0,Tue,AM,HIIT,0
7.0,90.0,14.0,Sun,PM,Cycling,0
9.0,86.65,4.0,Tue,PM,Strength,1
27.0,66.27,14.0,Sun,AM,Yoga,1
10.0,65.33,10.0,Fri,AM,HIIT,1
10.0,76.18,10.0,Fri,AM,HIIT,0
5.0,94.55,3.0,Tue,PM,Strength,0
22.0,80.87,10.0,Fri,AM,Aqua,1
7.0,95.77,2.0,Mon,AM,HIIT,0
16.0,,10.0,Fri,AM,Cycling,0
14.0,87.57,10.0,Fri,AM,Cycling,0
17.0,86.76,14.0,Sun,AM,HIIT,1
19.0,79.44,10.0,Fri,AM,HIIT,0
8.0,95.86,4.0,Tue,AM,Cycling,0
10.0,75.94,4.0,Tue,AM,Cycling,0
39.0,60.46,8.0,Thu,AM,HIIT,1
31.0,79.68,14.0,Sun,AM,Aqua,0
10.0,82.38,6.0,Wed,PM,Aqua,0
11.0,87.24,8.0,Thu,AM,HIIT,1
13.0,72.13,3.0,Tue,PM,Strength,0
51.0,74.81,10.0,Fri,AM,,1
13.0,82.63,10.0,Fri,AM,HIIT,1
12.0,91.74,10.0,Fri,AM,Strength,0
40.0,68.7,14.0,Sun,AM,Cycling,1
10.0,91.73,8.0,Thu,AM,Strength,0
10.0,88.89,2.0,Mon,AM,HIIT,0
18.0,63.47,2.0,Mon,AM,Cycling,0
12.0,73.88,10.0,Fri,AM,HIIT,0
13.0,83.43,2.0,Mon,AM,Cycling,1
12.0,72.15,10.0,Fri,AM,Aqua,1
26.0,84.52,12.0,Sat,AM,Yoga,1
7.0,98.71,2.0,Mon,AM,Yoga,0
9.0,84.27,2.0,Mon,AM,Cycling,0
6.0,83.98,4.0,Tue,AM,Cycling,0
14.0,78.53,8.0,Thu,AM,Yoga,0
17.0,86.53,7.0,Thu,PM,Cycling,0
10.0,97.99,10.0,Fri,AM,Strength,0
107.0,67.02,4.0,Tue,PM,HIIT,1
6.0,82.57,2.0,Mon,AM,Cycling,0
13.0,89.18,4.0,Tue,AM,HIIT,0
2.0,103.2,12.0,Sat,PM,HIIT,0
33.0,83.91,15.0,Sun,AM,HIIT,1
16.0,80.51,10.0,Fri,AM,Strength,0
8.0,75.74,10.0,Wed,PM,Cycling,0
8.0,79.83,7.0,Thu,PM,Strength,0
36.0,65.78,6.0,Wed,AM,Cycling,0
42.0,76.55,14.0,Sun,AM,HIIT,1
9.0,79.12,13.0,Sun,PM,Strength,0
10.0,80.23,12.0,Sat,AM,Aqua,0
20.0,67.33,10.0,Fri,AM,HIIT,1
3.0,87.74,14.0,Sun,AM,Cycling,0
5.0,120.58,12.0,Sat,AM,Cycling,0
9.0,76.05,4.0,Tue,AM,HIIT,0
35.0,69.41,4.0,Tue,AM,HIIT,1
41.0,61.37,5.0,Tue,PM,HIIT,1
51.0,63.59,8.0,Thu,AM,HIIT,1
16.0,65.81,5.0,Wed,PM,Aqua,0
13.0,81.25,4.0,Tue,AM,HIIT,0
11.0,97.87,5.0,Tue,PM,Cycling,0
8.0,89.81,12.0,Sat,AM,HIIT,0
26.0,67.17,10.0,Fri,AM,HIIT,1
14.0,75.69,5.0,Tue,PM,Strength,0
10.0,83.37,3.0,Mon,AM,Strength,0
6.0,101.8,6.0,Wed,PM,HIIT,0
4.0,,2.0,Mon,AM,Aqua,0
5.0,76.18,3.0,Tue,PM,Strength,0
13.0,78.87,8.0,Thu,AM,Yoga,1
12.0,97.1,7.0,Wed,PM,HIIT,1
6.0,104.74,4.0,Tue,PM,Cycling,0
5.0,81.36,10.0,Fri,AM,HIIT,0
13.0,90.38,2.0,Mon,AM,Yoga,1
15.0,104.35,14.0,Sun,AM,HIIT,0
10.0,90.65,8.0,Thu,AM,HIIT,0
55.0,62.92,6.0,Wed,PM,Cycling,1
7.0,84.64,9.0,Thu,PM,HIIT,0
18.0,78.39,14.0,Sun,AM,Yoga,1
12.0,77.09,10.0,Fri,AM,HIIT,0
22.0,88.9,4.0,Tue,AM,Yoga,1
16.0,79.54,11.0,Fri,AM,Aqua,1
10.0,89.17,12.0,Sat,AM,HIIT,0
20.0,70.41,8.0,Thu,AM,Aqua,0
9.0,83.35,6.0,Wed,AM,Cycling,1
42.0,59.97,10.0,Fri,AM,Yoga,1
6.0,77.55,14.0,Sun,AM,Strength,0
6.0,95.25,12.0,Sat,AM,HIIT,0
2.0,79.12,6.0,Wed,AM,HIIT,0
4.0,116.17,14.0,Sun,AM,HIIT,0
18.0,74.09,13.0,Sun,PM,Cycling,1
25.0,69.54,2.0,Mon,AM,Yoga,0
4.0,102.92,10.0,Fri,AM,Strength,0
15.0,89.8,5.0,Tue,PM,Strength,0
11.0,84.58,14.0,Sun,AM,HIIT,1
6.0,77.02,8.0,Thu,AM,HIIT,0
7.0,99.82,8.0,Thu,AM,HIIT,0
21.0,63.04,2.0,Mon,AM,HIIT,0
2.0,148.02,8.0,Thu,AM,HIIT,0
22.0,64.66,8.0,Thu,AM,Yoga,1
8.0,85.12,6.0,Wed,AM,HIIT,1
11.0,115.18,2.0,Mon,AM,Strength,0
8.0,82.63,12.0,Sat,AM,HIIT,0
31.0,70.14,14.0,Sun,AM,Cycling,1
14.0,80.54,10.0,Fri,AM,Aqua,0
21.0,95.85,8.0,Thu,AM,HIIT,1
23.0,70.26,2.0,Mon,AM,HIIT,0
7.0,64.63,4.0,Tue,PM,HIIT,0
30.0,64.29,12.0,Sat,AM,Strength,1
14.0,70.03,2.0,Mon,AM,Cycling,0
13.0,72.14,10.0,Fri,AM,Strength,1
6.0,69.47,12.0,Sat,AM,HIIT,0
12.0,73.33,2.0,Mon,AM,Cycling,0
6.0,72.65,14.0,Sun,AM,Cycling,0
11.0,82.16,13.0,Sat,AM,Yoga,0
7.0,76.58,2.0,Mon,AM,HIIT,0
25.0,85.75,10.0,Fri,AM,Aqua,1
13.0,71.23,14.0,Sun,PM,Yoga,0
8.0,85.86,7.0,Wed,PM,HIIT,0
18.0,79.35,8.0,Thu,AM,Cycling,0
7.0,86.31,10.0,Fri,AM,Cycling,0
21.0,79.51,10.0,Fri,AM,HIIT,0
14.0,88.48,8.0,Thu,PM,Cycling,0
6.0,98.74,8.0,Thu,AM,HIIT,0
7.0,82.26,3.0,Mon,PM,Strength,0
39.0,77.84,11.0,Fri,AM,HIIT,0
6.0,72.05,2.0,Mon,AM,HIIT,0
25.0,80.15,10.0,Fri,AM,Cycling,0
54.0,73.02,7.0,Wed,AM,HIIT,1
17.0,101.27,2.0,Mon,AM,HIIT,0
8.0,104.33,14.0,Sun,AM,HIIT,0
14.0,88.33,12.0,Sat,AM,HIIT,0
23.0,82.96,8.0,Thu,AM,Strength,1
36.0,72.07,12.0,Sat,AM,Cycling,1
6.0,92.37,8.0,Thu,AM,HIIT,0
2.0,106.35,10.0,Fri,AM,HIIT,0
11.0,74.75,10.0,Fri,AM,HIIT,0
11.0,83.92,10.0,Fri,AM,Cycling,0
20.0,80.4,13.0,Sat,AM,HIIT,0
5.0,92.58,4.0,Tue,AM,Yoga,0
7.0,74.35,15.0,Sun,AM,Cycling,1
5.0,110.29,16.0,Sun,PM,HIIT,0
33.0,74.65,4.0,Tue,PM,Cycling,0
16.0,80.54,8.0,Thu,AM,Strength,1
5.0,,14.0,Sun,AM,HIIT,0
8.0,80.34,10.0,Fri,AM,HIIT,0
8.0,89.14,12.0,Sat,AM,Cycling,0
38.0,77.69,9.0,Thu,PM,HIIT,0
9.0,81.36,2.0,Mon,AM,HIIT,1
11.0,89.04,7.0,Wed,PM,Cycling,0
11.0,63.69,4.0,Tue,AM,HIIT,0
10.0,88.28,2.0,Mon,AM,Yoga,0
9.0,83.21,12.0,Sat,AM,HIIT,0
14.0,84.25,8.0,Thu,AM,Strength,1
12.0,72.33,14.0,Sun,AM,Cycling,1
11.0,77.92,10.0,Fri,AM,HIIT,1
7.0,80.65,12.0,Sat,AM,HIIT,0
47.0,69.81,10.0,Fri,AM,HIIT,0
5.0,92.73,11.0,Fri,PM,Yoga,0
13.0,108.49,15.0,Sun,PM,Cycling,0
20.0,78.1,12.0,Sat,AM,Yoga,1
8.0,96.91,8.0,Thu,AM,Strength,0
4.0,123.9,7.0,Wed,AM,HIIT,0
15.0,101.58,8.0,Thu,AM,HIIT,0
24.0,64.51,14.0,Sun,AM,HIIT,1
3.0,86.08,2.0,Mon,AM,HIIT,0
21.0,68.06,10.0,Fri,AM,Cycling,1
9.0,75.46,14.0,Sun,AM,Yoga,0
8.0,72.56,2.0,Mon,AM,Strength,0
27.0,77.39,8.0,Thu,AM,Strength,1
5.0,100.69,8.0,Thu,AM,HIIT,1
15.0,79.43,14.0,Sun,PM,HIIT,0
17.0,79.56,8.0,Wed,PM,Strength,0
8.0,76.09,10.0,Fri,AM,HIIT,0
10.0,73.94,10.0,Fri,AM,Cycling,0
18.0,91.96,4.0,Tue,AM,Cycling,1
19.0,74.11,12.0,Sat,AM,Cycling,0
53.0,68.17,14.0,Sun,AM,Strength,0
19.0,77.58,10.0,Fri,PM,HIIT,1
9.0,81.55,8.0,Thu,PM,Cycling,0
6.0,90.6,14.0,Sat,PM,HIIT,0
7.0,79.69,3.0,Mon,AM,Cycling,0
73.0,66.0,8.0,Thu,AM,HIIT,1
6.0,95.82,4.0,Tue,AM,HIIT,0
39.0,76.59,2.0,Mon,AM,Cycling,1
20.0,80.11,10.0,Fri,AM,Yoga,1
7.0,77.96,2.0,Mon,AM,HIIT,0
6.0,88.92,14.0,Sun,AM,HIIT,0
8.0,90.22,8.0,Thu,AM,Strength,0
7.0,82.97,6.0,Wed,AM,HIIT,0
24.0,68.93,15.0,Sun,PM,HIIT,1
16.0,77.38,14.0,Sun,AM,HIIT,1
3.0,102.97,14.0,Sun,AM,Strength,0
13.0,91.43,10.0,Fri,AM,HIIT,1
16.0,71.7,14.0,Sun,AM,Strength,1
15.0,66.24,8.0,Thu,AM,HIIT,0
19.0,98.45,10.0,Fri,AM,Cycling,0
10.0,81.47,14.0,Sun,AM,Cycling,0
3.0,124.3,12.0,Sat,PM,HIIT,0
25.0,71.24,4.0,Tue,PM,Strength,0
6.0,94.48,1.0,Mon,PM,HIIT,1
55.0,73.66,4.0,Tue,AM,HIIT,1
8.0,81.56,2.0,Mon,AM,,0
15.0,65.47,6.0,Wed,AM,HIIT,1
37.0,77.97,14.0,Sat,PM,HIIT,0
13.0,80.77,12.0,Sat,AM,Cycling,1
3.0,112.47,10.0,Fri,AM,Strength,0
28.0,62.02,10.0,Fri,AM,Aqua,1
15.0,81.12,12.0,Sat,AM,Yoga,0
12.0,107.34,4.0,Tue,PM,HIIT,1
22.0,67.24,12.0,Sat,AM,Cycling,0
6.0,72.56,2.0,Mon,PM,HIIT,0
3.0,78.67,14.0,Sun,AM,HIIT,0
23.0,78.81,8.0,Thu,PM,Cycling,0
13.0,86.73,10.0,Fri,AM,HIIT,0
8.0,83.58,10.0,Fri,AM,HIIT,0
19.0,70.64,7.0,Thu,PM,Aqua,0
13.0,71.74,14.0,Sun,PM,Yoga,0
20.0,71.28,4.0,Tue,AM,Cycling,0
28.0,73.78,5.0,Wed,PM,HIIT,1
9.0,100.55,14.0,Sun,AM,Cycling,0
25.0,82.15,10.0,Fri,AM,Cycling,0
17.0,98.6,10.0,Fri,AM,Yoga,0
13.0,72.58,12.0,Sat,AM,Strength,0
7.0,79.38,14.0,Sun,AM,HIIT,0
12.0,93.43,10.0,Fri,AM,HIIT,1
15.0,75.63,12.0,Sat,AM,HIIT,0
5.0,71.81,10.0,Fri,AM,Strength,0
14.0,69.0,8.0,Thu,AM,Cycling,1
20.0,94.39,8.0,Thu,AM,Cycling,1
6.0,116.26,4.0,Tue,AM,HIIT,0
6.0,85.35,2.0,Mon,AM,Strength,0
7.0,90.6,12.0,Sat,AM,,0
24.0,62.76,7.0,Wed,PM,HIIT,0
38.0,74.23,2.0,Mon,AM,HIIT,0
10.0,85.31,12.0,Sat,PM,HIIT,0
4.0,87.26,2.0,Mon,AM,Yoga,0
5.0,89.07,6.0,Wed,AM,Cycling,0
9.0,74.76,8.0,Thu,AM,HIIT,0
33.0,81.68,8.0,Thu,AM,HIIT,1
11.0,92.82,8.0,Thu,PM,HIIT,0
18.0,80.93,2.0,Mon,AM,Aqua,0
21.0,78.47,10.0,Fri,AM,HIIT,0
19.0,73.83,10.0,Fri,AM,Cycling,0
11.0,75.72,10.0,Fri,AM,Cycling,0
7.0,105.02,16.0,Sun,PM,Yoga,0
8.0,80.38,2.0,Mon,AM,Cycling,0
4.0,88.17,2.0,Mon,AM,Cycling,0
28.0,64.23,4.0,Tue,AM,Strength,0
20.0,68.7,8.0,Thu,AM,Cycling,1
27.0,62.32,8.0,Thu,PM,HIIT,1
6.0,82.63,12.0,Sat,AM,HIIT,0
26.0,74.57,2.0,Mon,AM,HIIT,1
11.0,,9.0,Thu,AM,HIIT,0
3.0,88.66,8.0,Thu,AM,HIIT,0
5.0,105.72,10.0,Fri,PM,Yoga,0
20.0,76.14,4.0,Tue,AM,HIIT,1
12.0,83.52,10.0,Fri,AM,Yoga,0
2.0,108.13,14.0,Sun,AM,HIIT,0
10.0,94.97,8.0,Thu,AM,Cycling,0
7.0,73.19,5.0,Wed,PM,Cycling,0
18.0,84.65,2.0,Mon,AM,HIIT,1
33.0,89.68,2.0,Mon,AM,Yoga,0
15.0,88.75,14.0,Sun,AM,Aqua,0
17.0,68.3,8.0,Thu,PM,Cycling,1
10.0,79.89,10.0,Fri,AM,HIIT,0
7.0,121.38,9.0,Thu,PM,Yoga,1
27.0,77.96,10.0,Fri,AM,Cycling,0
21.0,76.77,8.0,Thu,AM,Cycling,0
11.0,99.29,10.0,Fri,AM,HIIT,0
21.0,75.55,11.0,Fri,AM,Cycling,0
57.0,69.95,10.0,Fri,AM,HIIT,0
10.0,77.81,5.0,Tue,PM,Cycling,1
4.0,109.66,14.0,Sun,AM,Strength,0
33.0,71.25,11.0,Fri,AM,Strength,1
8.0,84.78,12.0,Sat,AM,Strength,0
23.0,73.8,10.0,Fri,AM,HIIT,1
29.0,68.84,4.0,Tue,PM,Strength,1
17.0,84.22,6.0,Wed,PM,Cycling,0
9.0,79.91,12.0,Sat,AM,HIIT,0
24.0,64.27,4.0,Tue,PM,Cycling,1
18.0,70.39,12.0,Sat,AM,HIIT,1
7.0,92.39,4.0,Tue,AM,HIIT,0
9.0,118.89,14.0,Sun,PM,HIIT,0
7.0,75.56,10.0,Fri,AM,HIIT,0
6.0,87.32,14.0,Sun,PM,HIIT,0
5.0,94.46,14.0,Sun,AM,Strength,0
11.0,77.56,7.0,Thu,PM,HIIT,0
22.0,92.92,2.0,Mon,AM,Aqua,1
23.0,71.12,10.0,Fri,AM,HIIT,1
11.0,66.38,15.0,Sun,AM,Yoga,0
15.0,66.77,4.0,Tue,AM,Strength,0
20.0,75.34,10.0,Thu,PM,Cycling,1
12.0,78.44,12.0,Sat,AM,HIIT,1
14.0,68.96,14.0,Sun,AM,Aqua,0
26.0,74.59,12.0,Sat,AM,Cycling,0
13.0,76.99,14.0,Sun,PM,HIIT,0
11.0,80.16,3.0,Mon,AM,HIIT,0
9.0,77.35,10.0,Fri,AM,Cycling,0
3.0,86.95,14.0,Sun,AM,HIIT,0
15.0,81.13,4.0,Tue,AM,HIIT,1
11.0,85.33,4.0,Tue,AM,Cycling,0
21.0,83.77,8.0,Thu,AM,HIIT,0
4.0,97.91,8.0,Thu,AM,Aqua,0
12.0,79.77,2.0,Mon,AM,Strength,0
11.0,72.21,13.0,Sat,PM,HIIT,0
21.0,73.99,10.0,Fri,AM,Yoga,1
24.0,75.74,10.0,Fri,AM,Strength,0
54.0,67.03,3.0,Mon,AM,HIIT,1
4.0,82.25,14.0,Sun,AM,Strength,0
9.0,98.34,14.0,Sun,AM,HIIT,0
17.0,69.39,13.0,Sat,AM,Yoga,0
10.0,85.15,4.0,Tue,PM,HIIT,0
9.0,73.8,12.0,Sat,AM,Strength,0
6.0,81.44,2.0,Mon,AM,HIIT,0
58.0,74.48,11.0,Sat,PM,Strength,1
10.0,82.81,2.0,Mon,AM,Aqua,0
8.0,79.06,11.0,Sat,PM,Strength,0
27.0,98.91,12.0,Sat,AM,Yoga,1
11.0,88.32,6.0,Wed,PM,HIIT,0
76.0,58.68,15.0,Sun,PM,HIIT,1
65.0,81.81,11.0,Sat,PM,Strength,1
17.0,82.26,10.0,Fri,AM,Yoga,0
38.0,78.83,10.0,Fri,AM,HIIT,1
9.0,73.89,12.0,Sat,AM,Cycling,0
6.0,78.32,14.0,Sun,AM,HIIT,0
3.0,112.22,12.0,Sat,AM,HIIT,0
12.0,78.79,2.0,Mon,AM,HIIT,0
24.0,79.64,5.0,Tue,PM,HIIT,1
12.0,102.84,2.0,Mon,PM,Strength,0
22.0,73.15,2.0,Mon,AM,Cycling,1
25.0,84.04,15.0,Sun,PM,Cycling,0
5.0,133.36,2.0,Mon,AM,Cycling,0
5.0,93.99,14.0,Sun,AM,Cycling,0
23.0,85.39,4.0,Tue,AM,Cycling,1
17.0,67.71,8.0,Thu,AM,Cycling,0
10.0,82.74,14.0,Sun,AM,Cycling,1
28.0,87.19,2.0,Mon,AM,Strength,1
26.0,82.87,4.0,Tue,PM,HIIT,0
41.0,72.5,10.0,Fri,AM,HIIT,1
7.0,104.27,4.0,Tue,AM,HIIT,0
14.0,95.6,14.0,Sun,AM,HIIT,1
5.0,99.41,2.0,Mon,AM,HIIT,0
28.0,83.59,14.0,Sun,AM,,1
20.0,79.93,8.0,Thu,PM,Cycling,0
18.0,70.63,14.0,Sun,AM,Strength,1
10.0,79.32,12.0,Sat,AM,HIIT,1
6.0,79.9,12.0,Sat,AM,Yoga,0
5.0,90.06,6.0,Wed,AM,Cycling,0
13.0,78.43,4.0,Tue,PM,HIIT,0
3.0,94.44,10.0,Fri,AM,HIIT,0
18.0,79.57,2.0,Mon,AM,Strength,0
8.0,85.87,14.0,Sun,AM,HIIT,0
36.0,67.08,14.0,Sun,AM,Cycling,0
5.0,82.14,4.0,Tue,AM,HIIT,0
10.0,87.59,10.0,Fri,AM,HIIT,1
8.0,89.39,7.0,Thu,PM,HIIT,0
5.0,102.23,8.0,Thu,AM,Cycling,0
9.0,104.31,10.0,Fri,AM,HIIT,0
11.0,87.13,14.0,Sun,AM,HIIT,0
3.0,90.91,8.0,Thu,AM,Cycling,0
12.0,80.07,10.0,Fri,AM,Strength,0
7.0,103.46,12.0,Sat,AM,Cycling,0
8.0,85.28,2.0,Mon,AM,HIIT,0
5.0,86.12,10.0,Fri,AM,Cycling,0
19.0,70.68,4.0,Tue,PM,Cycling,0
9.0,78.28,6.0,Wed,PM,Strength,0
6.0,101.59,4.0,Tue,PM,Cycling,0
16.0,76.18,13.0,Sun,PM,Cycling,1
30.0,69.49,1.0,Mon,PM,HIIT,1
20.0,66.15,10.0,Fri,AM,HIIT,1
17.0,81.98,2.0,Mon,AM,HIIT,0
12.0,74.04,4.0,Tue,AM,Aqua,0
9.0,77.48,2.0,Mon,AM,Cycling,0
9.0,84.67,14.0,Sun,AM,HIIT,0
14.0,80.12,2.0,Mon,AM,Strength,1
3.0,97.38,2.0,Mon,AM,Cycling,0
9.0,73.43,12.0,Sat,AM,HIIT,0
6.0,70.71,12.0,Sat,AM,Cycling,0
14.0,87.44,10.0,Fri,AM,HIIT,0
7.0,77.76,7.0,Wed,PM,Strength,0
32.0,69.71,10.0,Thu,PM,Strength,1
4.0,89.51,4.0,Tue,AM,Cycling,0
11.0,86.3,10.0,Fri,AM,Cycling,0
12.0,76.56,2.0,Mon,AM,HIIT,1
13.0,112.39,8.0,Thu,AM,HIIT,0
23.0,70.88,2.0,Mon,AM,Cycling,0
4.0,83.66,4.0,Tue,AM,HIIT,0
19.0,83.47,12.0,Sat,AM,Strength,0
5.0,,12.0,Sat,AM,Strength,0
19.0,76.8,12.0,Sat,AM,Aqua,0
8.0,73.85,3.0,Mon,AM,Strength,0
11.0,86.49,10.0,Fri,AM,HIIT,0
9.0,85.32,8.0,Thu,AM,Cycling,0
28.0,,8.0,Thu,PM,HIIT,1
8.0,80.72,14.0,Sun,AM,Cycling,0
6.0,107.06,10.0,Fri,AM,Cycling,0
5.0,93.33,14.0,Sun,AM,HIIT,0
20.0,81.53,10.0,Fri,AM,HIIT,0
18.0,75.51,2.0,Mon,AM,HIIT,0
10.0,67.73,4.0,Tue,AM,HIIT,1
15.0,100.25,4.0,Tue,AM,Cycling,0
17.0,74.57,3.0,Mon,AM,Cycling,0
22.0,80.91,10.0,Fri,AM,Cycling,0
19.0,67.86,12.0,Sat,AM,Strength,0
19.0,92.99,6.0,Wed,PM,Cycling,1
10.0,89.19,8.0,Thu,AM,Cycling,0
24.0,78.37,2.0,Mon,AM,HIIT,1
14.0,68.75,3.0,Mon,AM,Aqua,1
32.0,73.05,2.0,Mon,AM,Strength,1
22.0,82.79,2.0,Mon,AM,HIIT,0
14.0,75.22,4.0,Tue,AM,HIIT,0
12.0,96.19,10.0,Fri,AM,Strength,1
7.0,81.92,2.0,Mon,AM,Strength,0
9.0,84.72,10.0,Fri,AM,Yoga,1
29.0,77.95,17.0,Sun,PM,HIIT,1
39.0,86.12,12.0,Sat,AM,HIIT,1
8.0,98.92,10.0,Fri,AM,Aqua,0
22.0,68.29,12.0,Sat,AM,HIIT,1
45.0,73.82,4.0,Tue,AM,HIIT,1
22.0,78.16,12.0,Sat,PM,HIIT,1
16.0,88.34,2.0,Mon,AM,Strength,1
6.0,87.67,8.0,Thu,AM,Yoga,0
8.0,92.24,2.0,Mon,AM,Strength,0
11.0,97.77,14.0,Sun,AM,HIIT,0
8.0,78.3,12.0,Sat,AM,Strength,0
15.0,69.29,8.0,Thu,AM,HIIT,0
13.0,73.16,6.0,Wed,PM,HIIT,1
18.0,72.73,5.0,Wed,PM,HIIT,1
14.0,,4.0,Tue,AM,Cycling,0
7.0,93.33,2.0,Mon,AM,Cycling,0
8.0,86.15,2.0,Mon,AM,HIIT,0
45.0,73.9,4.0,Tue,AM,Aqua,1
19.0,63.45,2.0,Mon,AM,Strength,1
16.0,84.73,4.0,Tue,AM,Cycling,1
12.0,60.28,2.0,Mon,AM,Strength,1
47.0,71.17,12.0,Sat,AM,Yoga,1
7.0,90.73,8.0,Thu,AM,Cycling,0
12.0,80.28,14.0,Sun,AM,Cycling,0
11.0,,5.0,Wed,PM,Cycling,0
5.0,89.67,15.0,Sun,AM,HIIT,0
26.0,100.26,14.0,Sun,AM,Cycling,0
8.0,75.42,10.0,Fri,AM,HIIT,1
15.0,84.82,2.0,Mon,AM,HIIT,1
16.0,76.97,4.0,Tue,AM,HIIT,0
3.0,86.92,8.0,Thu,AM,Cycling,0
8.0,79.42,7.0,Thu,PM,Cycling,0
15.0,76.65,8.0,Thu,PM,HIIT,0
12.0,68.15,2.0,Mon,AM,HIIT,0
8.0,73.28,14.0,Sun,AM,HIIT,0
35.0,67.64,4.0,Tue,PM,HIIT,1
6.0,92.03,12.0,Sat,AM,HIIT,0
6.0,85.07,6.0,Wed,PM,Cycling,0
3.0,105.88,10.0,Fri,AM,Strength,0
26.0,63.81,12.0,Sat,AM,Strength,1
12.0,75.48,12.0,Sat,AM,Cycling,0
4.0,102.92,12.0,Sat,AM,HIIT,0
9.0,81.99,14.0,Sun,AM,Yoga,0
6.0,98.55,4.0,Tue,PM,Yoga,0
12.0,84.45,13.0,Sat,AM,Strength,0
5.0,91.47,14.0,Sun,AM,Strength,0
7.0,78.28,3.0,Tue,PM,Cycling,1
11.0,68.87,10.0,Fri,AM,,0
4.0,93.8,14.0,Sun,AM,Strength,0
42.0,64.79,10.0,Fri,AM,HIIT,0
15.0,70.98,6.0,Wed,AM,Yoga,0
9.0,86.95,8.0,Thu,AM,Strength,1
11.0,78.56,12.0,Sat,AM,HIIT,1
34.0,63.04,10.0,Fri,AM,Cycling,0
20.0,66.67,10.0,Fri,AM,HIIT,0
2.0,88.22,7.0,Thu,PM,Aqua,0
5.0,76.93,7.0,Wed,PM,HIIT,0
7.0,82.02,2.0,Mon,AM,Yoga,0
13.0,95.46,2.0,Mon,AM,HIIT,0
5.0,103.62,2.0,Mon,AM,HIIT,0
20.0,78.86,10.0,Fri,AM,Cycling,1
25.0,70.57,4.0,Tue,AM,HIIT,1
14.0,70.29,8.0,Thu,AM,Cycling,1
12.0,79.07,10.0,Fri,AM,HIIT,1
9.0,73.07,8.0,Thu,AM,HIIT,0
20.0,91.6,8.0,Thu,AM,Cycling,0
15.0,80.28,14.0,Sun,AM,HIIT,0
5.0,101.1,10.0,Fri,AM,HIIT,0
6.0,91.52,10.0,Fri,AM,HIIT,0
10.0,84.1,14.0,Sun,AM,HIIT,0
7.0,87.52,6.0,Wed,PM,Strength,0
33.0,82.2,10.0,Fri,AM,HIIT,1
12.0,88.38,9.0,Thu,PM,HIIT,0
5.0,71.91,12.0,Sat,AM,HIIT,0
21.0,69.44,14.0,Sun,AM,HIIT,1
10.0,75.25,4.0,Tue,AM,HIIT,0
15.0,77.96,14.0,Sun,AM,Cycling,0
38.0,85.69,6.0,Wed,AM,HIIT,1
17.0,68.89,8.0,Thu,AM,Cycling,1
17.0,84.44,2.0,Mon,AM,HIIT,0
48.0,66.51,8.0,Thu,AM,Aqua,1
10.0,82.86,5.0,Wed,PM,HIIT,0
6.0,95.66,3.0,Tue,PM,Cycling,0
14.0,,10.0,Fri,AM,HIIT,0
5.0,84.93,8.0,Thu,AM,Cycling,0
11.0,87.41,10.0,Fri,AM,Cycling,0
4.0,96.87,6.0,Wed,AM,HIIT,0
6.0,82.54,12.0,Sat,AM,Strength,0
23.0,66.3,10.0,Fri,AM,Cycling,1
13.0,92.63,14.0,Sun,AM,HIIT,1
11.0,64.78,2.0,Mon,AM,Cycling,1
5.0,112.43,3.0,Tue,PM,HIIT,0
33.0,80.96,10.0,Fri,AM,Cycling,1
17.0,72.1,12.0,Sat,AM,Strength,0
22.0,61.15,2.0,Mon,AM,Strength,0
11.0,90.72,10.0,Fri,AM,Strength,0
8.0,89.72,10.0,Fri,AM,Cycling,0
8.0,98.04,12.0,Sat,AM,Cycling,0
12.0,89.71,4.0,Tue,AM,Strength,1
20.0,85.5,4.0,Tue,PM,HIIT,1
17.0,71.49,4.0,Tue,PM,Yoga,0
14.0,75.73,8.0,Mon,PM,HIIT,0
7.0,78.27,8.0,Thu,PM,Strength,0
33.0,65.27,14.0,Sun,AM,Strength,0
19.0,61.77,10.0,Fri,AM,HIIT,1
14.0,84.17,14.0,Sun,AM,HIIT,1
8.0,105.3,2.0,Mon,AM,HIIT,0
24.0,63.79,11.0,Fri,AM,Yoga,0
29.0,68.31,2.0,Mon,AM,Yoga,1
15.0,76.31,12.0,Sat,AM,Strength,0
8.0,93.36,13.0,Sat,PM,HIIT,0
6.0,105.12,2.0,Mon,AM,Yoga,0
3.0,127.59,8.0,Thu,AM,Cycling,0
5.0,93.5,2.0,Mon,AM,Cycling,0
21.0,98.24,8.0,Thu,AM,HIIT,1
4.0,104.25,8.0,Thu,AM,Strength,0
9.0,96.53,7.0,Wed,PM,HIIT,0
27.0,67.79,12.0,Sat,AM,HIIT,1
6.0,86.67,10.0,Fri,AM,Yoga,0
40.0,71.78,10.0,Fri,AM,Yoga,1
18.0,73.05,2.0,Mon,AM,HIIT,1
11.0,85.79,8.0,Thu,PM,Yoga,0
10.0,81.98,15.0,Sun,PM,HIIT,0
10.0,80.48,10.0,Fri,AM,Cycling,1
25.0,72.89,15.0,Sun,PM,HIIT,1
16.0,83.93,8.0,Thu,AM,Cycling,0
7.0,97.56,10.0,Fri,AM,HIIT,0
69.0,77.26,8.0,Thu,AM,Yoga,1
14.0,83.35,8.0,Thu,AM,HIIT,0
8.0,86.87,10.0,Fri,AM,HIIT,1
10.0,79.31,11.0,Fri,AM,Strength,0
12.0,77.86,13.0,Sat,PM,Strength,0
15.0,82.72,12.0,Sat,AM,Cycling,0
10.0,99.68,14.0,Sun,AM,Cycling,0
7.0,97.03,10.0,Fri,AM,Strength,0
7.0,71.88,1.0,Mon,PM,HIIT,0
16.0,81.66,10.0,Fri,AM,HIIT,0
20.0,66.31,14.0,Sun,AM,HIIT,0
18.0,61.4,8.0,Thu,AM,HIIT,0
8.0,81.44,10.0,Fri,AM,HIIT,0
12.0,74.04,4.0,Tue,PM,,0
66.0,61.01,5.0,Tue,AM,Aqua,1
12.0,75.1,14.0,Sun,AM,Cycling,1
16.0,67.94,12.0,Sat,AM,Aqua,1
10.0,105.54,2.0,Mon,AM,Aqua,0
19.0,81.53,8.0,Thu,AM,HIIT,1
15.0,75.7,2.0,Mon,AM,Cycling,0
11.0,78.65,2.0,Mon,AM,HIIT,0
17.0,76.61,13.0,Sat,AM,Cycling,1
43.0,67.14,3.0,Tue,PM,HIIT,1
43.0,75.68,7.0,Tue,PM,Strength,0
57.0,68.35,8.0,Thu,AM,HIIT,1
6.0,88.74,4.0,Tue,AM,HIIT,0
11.0,71.54,8.0,Thu,AM,Strength,0
5.0,85.46,11.0,Fri,AM,Cycling,0
12.0,100.05,8.0,Thu,PM,HIIT,0
14.0,103.33,8.0,Thu,AM,HIIT,0
7.0,86.7,12.0,Sat,AM,HIIT,0
32.0,84.76,2.0,Mon,AM,Cycling,0
8.0,94.46,10.0,Fri,AM,Cycling,0
13.0,88.57,12.0,Sat,AM,Aqua,1
9.0,62.72,10.0,Fri,AM,HIIT,0
7.0,89.99,14.0,Sun,AM,HIIT,0
14.0,71.04,6.0,Wed,PM,HIIT,0
9.0,80.75,8.0,Thu,PM,Cycling,0
23.0,86.62,12.0,Sat,AM,HIIT,0
9.0,80.46,8.0,Thu,AM,HIIT,0
148.0,71.09,7.0,Thu,PM,Aqua,1
6.0,86.75,4.0,Tue,AM,Yoga,0
8.0,72.67,2.0,Mon,AM,HIIT,0
25.0,68.49,8.0,Thu,AM,HIIT,1
3.0,98.53,8.0,Thu,PM,HIIT,0
5.0,90.34,2.0,Mon,PM,HIIT,0
18.0,66.05,12.0,Sat,AM,HIIT,0
4.0,117.81,2.0,Mon,AM,Yoga,0
12.0,89.8,10.0,Fri,AM,Aqua,0
6.0,93.9,5.0,Tue,PM,HIIT,0
7.0,81.25,10.0,Fri,AM,HIIT,0
3.0,95.75,12.0,Sat,AM,Strength,0
54.0,72.29,5.0,Tue,PM,HIIT,1
17.0,68.55,8.0,Thu,AM,HIIT,1
9.0,73.42,12.0,Sat,AM,HIIT,0
14.0,73.37,7.0,Thu,PM,Yoga,1
11.0,69.2,14.0,Sun,PM,Strength,0
21.0,81.88,6.0,Wed,AM,Aqua,0
8.0,81.45,4.0,Tue,AM,Cycling,0
6.0,100.13,4.0,Tue,AM,HIIT,0
14.0,83.16,10.0,Thu,PM,Strength,0
32.0,67.75,2.0,Mon,AM,HIIT,0
9.0,97.62,14.0,Sun,AM,Strength,1
8.0,92.84,10.0,Fri,AM,Cycling,0
20.0,79.56,14.0,Sun,AM,Strength,1
16.0,67.38,2.0,Mon,AM,HIIT,0
2.0,108.82,10.0,Fri,AM,HIIT,0
5.0,103.17,12.0,Sat,AM,,0
14.0,79.4,10.0,Fri,AM,Cycling,0
27.0,64.44,2.0,Mon,AM,HIIT,1
15.0,77.79,4.0,Tue,AM,Yoga,0
11.0,88.93,14.0,Sun,AM,HIIT,0
10.0,70.61,8.0,Thu,AM,HIIT,0
13.0,81.01,6.0,Wed,PM,Strength,1
34.0,68.83,10.0,Fri,AM,Yoga,1
17.0,,2.0,Mon,AM,Strength,0
9.0,88.9,8.0,Thu,AM,HIIT,0
20.0,78.7,12.0,Sat,AM,Cycling,1
12.0,97.11,8.0,Thu,AM,HIIT,1
33.0,73.91,14.0,Sun,AM,Cycling,1
16.0,87.0,10.0,Fri,AM,Yoga,1
9.0,81.29,12.0,Sat,AM,HIIT,0
29.0,69.87,11.0,Sat,PM,HIIT,1
14.0,69.35,20.0,Sun,PM,HIIT,1
17.0,67.46,8.0,Thu,AM,Cycling,0
22.0,75.59,8.0,Thu,AM,HIIT,0
11.0,70.18,8.0,Thu,AM,HIIT,0
34.0,63.41,8.0,Thu,AM,Cycling,0
15.0,72.35,6.0,Wed,PM,HIIT,0
16.0,83.92,9.0,Wed,PM,HIIT,0
6.0,93.32,8.0,Mon,PM,HIIT,0
6.0,87.32,4.0,Tue,PM,HIIT,0
7.0,80.38,8.0,Thu,AM,HIIT,0
8.0,87.76,2.0,Mon,PM,HIIT,0
11.0,71.35,14.0,Sun,AM,HIIT,0
16.0,67.53,8.0,Thu,AM,Yoga,0
22.0,74.2,9.0,Thu,PM,Cycling,1
15.0,71.29,2.0,Mon,AM,HIIT,0
13.0,94.71,14.0,Sun,AM,HIIT,0
19.0,75.78,3.0,Tue,PM,Cycling,0
29.0,86.05,10.0,Fri,AM,Cycling,0
27.0,91.63,2.0,Mon,AM,Cycling,0
15.0,85.42,12.0,Sat,AM,Strength,0
22.0,68.88,8.0,Thu,PM,HIIT,1
8.0,77.16,12.0,Fri,PM,HIIT,0
11.0,87.59,2.0,Mon,AM,Strength,0
13.0,83.12,10.0,Fri,AM,HIIT,1
42.0,62.02,12.0,Sat,AM,HIIT,1
9.0,109.23,2.0,Mon,AM,HIIT,0
65.0,60.62,12.0,Sat,AM,HIIT,1
12.0,86.94,8.0,Thu,AM,Strength,1
2.0,107.87,3.0,Tue,PM,Strength,0
35.0,72.7,10.0,Fri,AM,Cycling,1
3.0,97.88,4.0,Tue,AM,Aqua,0
12.0,79.13,2.0,Mon,AM,HIIT,0
10.0,83.71,8.0,Thu,PM,HIIT,0
24.0,73.49,4.0,Tue,AM,Strength,1
15.0,72.18,4.0,Tue,AM,HIIT,0
15.0,88.5,7.0,Thu,PM,HIIT,1
14.0,87.14,10.0,Fri,AM,HIIT,0
7.0,81.69,12.0,Sat,AM,Cycling,1
14.0,87.9,12.0,Sat,AM,Cycling,0
7.0,84.72,12.0,Sat,AM,Strength,0
7.0,97.76,10.0,Fri,AM,Strength,0
8.0,84.76,6.0,Wed,PM,Cycling,0
2.0,120.81,2.0,Mon,AM,Cycling,0
19.0,103.99,2.0,Mon,AM,HIIT,1
12.0,72.0,12.0,Sat,AM,HIIT,0
16.0,87.55,8.0,Thu,PM,Cycling,0
8.0,70.84,12.0,Sat,AM,HIIT,0
20.0,76.07,4.0,Tue,AM,HIIT,0
48.0,82.1,10.0,Fri,AM,HIIT,1
22.0,70.97,10.0,Fri,AM,,0
7.0,78.08,2.0,Mon,AM,Aqua,0
15.0,93.03,6.0,Wed,AM,HIIT,0
41.0,80.54,11.0,Sat,PM,Strength,1
5.0,85.07,10.0,Fri,AM,HIIT,0
10.0,76.63,6.0,Wed,PM,Cycling,0
89.0,73.41,8.0,Thu,AM,HIIT,1
20.0,73.04,14.0,Sun,AM,HIIT,0
7.0,100.68,4.0,Tue,PM,HIIT,0
12.0,101.56,8.0,Thu,AM,HIIT,1
17.0,74.87,2.0,Mon,AM,HIIT,1
7.0,89.21,4.0,Tue,PM,HIIT,1
16.0,78.31,6.0,Wed,AM,Cycling,0
32.0,71.67,5.0,Wed,PM,Cycling,0
16.0,82.66,10.0,Fri,AM,Aqua,0
97.0,65.69,2.0,Mon,AM,HIIT,1
7.0,105.2,14.0,Sun,PM,HIIT,0
38.0,60.68,8.0,Thu,PM,Strength,1
10.0,92.9,2.0,Mon,AM,HIIT,0
10.0,96.42,14.0,Sun,AM,HIIT,1
7.0,76.11,12.0,Sat,AM,HIIT,0
3.0,105.26,10.0,Fri,AM,Cycling,0
48.0,65.02,10.0,Fri,AM,HIIT,1
11.0,76.97,2.0,Mon,AM,Cycling,0
11.0,,10.0,Wed,PM,HIIT,0
16.0,83.87,15.0,Sun,AM,Cycling,0
7.0,97.28,4.0,Tue,PM,Aqua,0
18.0,74.32,6.0,Wed,PM,HIIT,0
16.0,74.53,14.0,Sun,AM,Strength,0
6.0,92.29,8.0,Thu,AM,Cycling,0
6.0,98.24,10.0,Fri,AM,HIIT,0
3.0,90.34,10.0,Fri,AM,HIIT,0
14.0,72.28,13.0,Sun,PM,HIIT,0
3.0,86.5,14.0,Sun,AM,Cycling,0
10.0,110.54,2.0,Mon,AM,HIIT,0
19.0,80.26,12.0,Sat,AM,HIIT,0
8.0,71.45,7.0,Wed,PM,Cycling,0
6.0,96.07,8.0,Thu,AM,Strength,0
5.0,110.25,2.0,Mon,AM,HIIT,0
13.0,87.37,10.0,Fri,AM,Cycling,0
14.0,76.24,10.0,Fri,AM,HIIT,1
12.0,62.92,17.0,Sun,PM,Aqua,0
9.0,74.13,14.0,Sun,AM,Strength,0
17.0,80.49,4.0,Tue,PM,Cycling,0
23.0,75.49,10.0,Fri,AM,Cycling,0
9.0,87.38,4.0,Tue,AM,HIIT,0
14.0,84.82,2.0,Mon,AM,Aqua,0
38.0,69.36,4.0,Tue,AM,Strength,0
12.0,82.08,4.0,Tue,AM,Yoga,0
20.0,87.83,8.0,Thu,AM,HIIT,1
22.0,72.47,2.0,Mon,AM,HIIT,1
7.0,81.46,14.0,Sun,AM,Yoga,0
38.0,77.43,6.0,Wed,AM,Cycling,1
3.0,90.73,12.0,Sat,AM,Aqua,0
6.0,71.74,8.0,Thu,PM,Cycling,0
15.0,87.87,10.0,Fri,AM,Yoga,0
14.0,85.6,8.0,Thu,PM,HIIT,1
13.0,78.54,2.0,Mon,AM,HIIT,0
8.0,75.32,7.0,Thu,PM,Cycling,0
7.0,95.71,13.0,Sun,PM,HIIT,0
6.0,113.19,14.0,Sun,AM,Cycling,0
22.0,73.72,6.0,Wed,AM,Cycling,1
7.0,80.56,12.0,Sat,AM,Strength,0
15.0,92.56,6.0,Wed,AM,HIIT,1
5.0,104.19,2.0,Mon,AM,HIIT,0
21.0,74.69,8.0,Thu,AM,Aqua,1
12.0,78.9,11.0,Wed,PM,HIIT,0
10.0,74.58,12.0,Sat,AM,Cycling,0
6.0,101.7,5.0,Tue,PM,Aqua,0
8.0,76.19,8.0,Thu,PM,HIIT,0
4.0,88.08,10.0,Fri,AM,Strength,0
10.0,87.93,13.0,Sat,AM,Cycling,0
8.0,73.98,7.0,Thu,PM,Cycling,0
16.0,81.34,10.0,Fri,AM,Cycling,0
18.0,78.68,12.0,Sat,AM,Yoga,0
12.0,70.37,2.0,Mon,AM,HIIT,1
10.0,93.92,11.0,Sat,PM,Yoga,0
23.0,74.51,14.0,Sun,AM,Yoga,1
9.0,82.62,10.0,Fri,AM,Yoga,0
18.0,75.16,15.0,Sun,AM,Cycling,0
111.0,60.66,2.0,Mon,AM,Strength,1
15.0,104.16,11.0,Fri,AM,HIIT,0
5.0,113.01,14.0,Sun,AM,HIIT,0
17.0,82.26,13.0,Sun,PM,HIIT,0
15.0,74.44,12.0,Sat,AM,Strength,0
8.0,76.99,4.0,Tue,AM,HIIT,0
10.0,69.85,2.0,Mon,AM,Cycling,0
9.0,82.42,14.0,Sun,AM,HIIT,1
7.0,100.89,8.0,Thu,AM,Yoga,1
2.0,113.93,12.0,Sat,AM,Yoga,0
22.0,74.67,7.0,Thu,PM,Cycling,0
15.0,83.72,4.0,Tue,AM,Cycling,0
18.0,68.84,10.0,Fri,AM,HIIT,0
90.0,58.13,14.0,Sun,AM,HIIT,1
10.0,97.13,1.0,Mon,PM,HIIT,0
12.0,78.05,2.0,Mon,AM,Aqua,0
10.0,89.43,10.0,Fri,AM,HIIT,0
7.0,91.65,14.0,Sun,AM,Yoga,0
6.0,117.19,10.0,Fri,AM,HIIT,0
39.0,61.42,4.0,Tue,AM,Strength,1
26.0,103.79,13.0,Sat,PM,HIIT,1
11.0,81.44,8.0,Thu,AM,HIIT,0
9.0,91.17,7.0,Wed,PM,Cycling,0
27.0,68.72,12.0,Sat,AM,Strength,1
10.0,102.02,2.0,Mon,AM,Yoga,0
3.0,98.39,8.0,Thu,AM,HIIT,0
6.0,111.16,10.0,Fri,AM,Cycling,0
36.0,74.73,10.0,Fri,AM,HIIT,1
31.0,70.98,4.0,Tue,AM,HIIT,1
28.0,72.4,4.0,Tue,AM,Strength,0
31.0,65.71,2.0,Mon,AM,HIIT,0
14.0,78.42,6.0,Wed,PM,HIIT,0
16.0,73.52,8.0,Thu,AM,HIIT,1
20.0,81.06,2.0,Mon,AM,Cycling,1
11.0,80.36,8.0,Thu,AM,HIIT,1
13.0,96.94,10.0,Fri,AM,HIIT,0
16.0,87.64,6.0,Wed,PM,HIIT,0
34.0,72.59,15.0,Sun,PM,HIIT,1
13.0,77.37,12.0,Wed,PM,HIIT,0
14.0,68.83,6.0,Wed,PM,HIIT,0
8.0,71.49,10.0,Fri,AM,HIIT,0
25.0,65.79,5.0,Tue,PM,HIIT,0
4.0,84.12,8.0,Thu,AM,HIIT,0
53.0,61.1,10.0,Fri,AM,HIIT,1
11.0,88.59,6.0,Wed,PM,HIIT,0
3.0,101.27,6.0,Wed,AM,HIIT,0
6.0,119.63,14.0,Sun,AM,Strength,0
5.0,96.85,10.0,Fri,AM,Yoga,0
20.0,77.02,8.0,Thu,AM,Yoga,0
30.0,78.41,12.0,Sat,AM,HIIT,1
17.0,81.36,7.0,Thu,PM,HIIT,1
9.0,112.15,10.0,Fri,AM,HIIT,0
6.0,87.93,12.0,Sat,AM,Cycling,0
12.0,80.8,4.0,Tue,PM,HIIT,0
21.0,67.81,4.0,Tue,PM,HIIT,0
5.0,83.85,15.0,Fri,PM,Strength,1
9.0,71.88,14.0,Sun,AM,Cycling,0
9.0,88.49,12.0,Sat,AM,HIIT,1
6.0,100.82,14.0,Sun,AM,Cycling,0
8.0,86.4,2.0,Mon,AM,Cycling,0
13.0,74.59,3.0,Tue,PM,Cycling,1
12.0,82.89,12.0,Sat,AM,HIIT,0
13.0,77.83,2.0,Mon,AM,Aqua,0
38.0,68.1,14.0,Sun,AM,Cycling,1
21.0,65.79,10.0,Fri,AM,HIIT,1
5.0,107.55,6.0,Wed,AM,Aqua,0
22.0,85.12,10.0,Fri,AM,Yoga,0
22.0,73.51,14.0,Sun,AM,HIIT,1
7.0,,8.0,Thu,AM,HIIT,0
14.0,82.03,2.0,Mon,AM,Strength,1
23.0,74.94,12.0,Sat,AM,Cycling,1
19.0,79.46,3.0,Tue,PM,Cycling,0
13.0,92.71,8.0,Thu,AM,Cycling,0
44.0,69.88,2.0,Mon,AM,HIIT,1
2.0,107.03,2.0,Mon,AM,Yoga,0
20.0,76.03,10.0,Fri,AM,Cycling,0
35.0,63.28,8.0,Thu,AM,HIIT,1
43.0,72.42,14.0,Sun,AM,HIIT,1
4.0,108.35,2.0,Mon,AM,HIIT,0
21.0,83.6,10.0,Fri,AM,Cycling,1
5.0,92.47,3.0,Tue,PM,HIIT,0
10.0,83.46,10.0,Fri,AM,Strength,0
5.0,94.46,2.0,Mon,AM,HIIT,0
20.0,65.61,12.0,Sat,AM,Cycling,1
17.0,83.45,4.0,Tue,AM,Strength,1
5.0,111.45,10.0,Fri,AM,HIIT,0
6.0,74.58,2.0,Mon,AM,Strength,0
12.0,77.03,10.0,Fri,AM,HIIT,0
15.0,72.38,14.0,Sun,AM,HIIT,0
34.0,68.64,14.0,Sun,AM,Aqua,0
25.0,71.39,12.0,Sat,PM,Aqua,0
8.0,97.2,11.0,Sat,PM,Cycling,0
41.0,69.26,4.0,Tue,AM,HIIT,1
1.0,106.04,4.0,Tue,AM,Yoga,0
4.0,113.86,4.0,Tue,AM,HIIT,0
6.0,81.43,5.0,Wed,PM,HIIT,0
29.0,74.22,8.0,Thu,PM,Cycling,1
21.0,84.98,2.0,Mon,AM,HIIT,0
8.0,84.87,2.0,Mon,AM,Strength,0
14.0,69.48,10.0,Fri,AM,HIIT,0
27.0,76.99,12.0,Sat,AM,Cycling,1
34.0,75.34,10.0,Fri,AM,Cycling,0
6.0,85.36,14.0,Sun,AM,HIIT,0
7.0,104.79,10.0,Fri,AM,HIIT,0
10.0,,5.0,Tue,PM,HIIT,0
32.0,74.37,12.0,Sat,AM,Cycling,1
13.0,76.5,2.0,Mon,AM,Cycling,0
9.0,87.94,10.0,Fri,AM,HIIT,0
11.0,78.77,4.0,Tue,PM,HIIT,0
21.0,74.17,8.0,Thu,AM,HIIT,0
12.0,92.47,6.0,Tue,PM,Strength,0
22.0,71.87,4.0,Tue,AM,HIIT,1
11.0,55.41,10.0,Fri,AM,HIIT,0
105.0,66.07,12.0,Sat,AM,Cycling,1
66.0,74.76,12.0,Sat,AM,Strength,1
10.0,100.44,8.0,Thu,AM,Aqua,0
29.0,68.39,14.0,Sun,AM,Strength,1
50.0,68.92,2.0,Mon,AM,Cycling,1
21.0,83.77,2.0,Mon,AM,Strength,1
9.0,86.35,9.0,Thu,PM,HIIT,1
11.0,78.28,12.0,Sat,AM,HIIT,0
18.0,98.25,12.0,Sat,AM,HIIT,1
5.0,101.35,2.0,Mon,AM,,0
10.0,86.22,10.0,Fri,AM,Yoga,0
7.0,97.55,13.0,Wed,PM,Cycling,0
14.0,73.31,12.0,Sat,AM,Cycling,0
19.0,68.33,10.0,Fri,AM,Strength,0
8.0,91.17,12.0,Thu,PM,Yoga,0
9.0,73.58,8.0,Thu,AM,Strength,0
7.0,97.26,10.0,Fri,AM,HIIT,0
19.0,67.27,6.0,Wed,PM,HIIT,1
24.0,73.47,12.0,Sat,AM,HIIT,1
9.0,110.07,14.0,Sun,AM,HIIT,0
7.0,91.88,12.0,Sat,AM,HIIT,1
9.0,76.94,12.0,Sat,AM,HIIT,0
23.0,94.94,1.0,Mon,PM,Cycling,1
9.0,89.52,10.0,Fri,AM,HIIT,0
12.0,83.1,13.0,Sun,PM,HIIT,0
19.0,83.96,10.0,Fri,AM,HIIT,0
14.0,90.07,12.0,Sat,AM,HIIT,1
8.0,105.82,6.0,Wed,AM,Cycling,1
19.0,71.64,10.0,Fri,AM,HIIT,1
20.0,76.69,8.0,Thu,AM,Strength,0
25.0,74.67,2.0,Mon,AM,HIIT,0
12.0,80.08,10.0,Fri,AM,HIIT,1
3.0,92.28,14.0,Sun,AM,HIIT,0
8.0,96.19,2.0,Mon,AM,Aqua,0
19.0,65.65,4.0,Tue,AM,HIIT,1
13.0,73.28,12.0,Sat,AM,Strength,0
13.0,72.34,12.0,Sat,AM,HIIT,0
13.0,75.62,7.0,Wed,PM,Cycling,0
9.0,83.0,8.0,Thu,AM,Strength,0
19.0,98.71,14.0,Sun,AM,HIIT,0
15.0,79.93,10.0,Fri,AM,HIIT,0
10.0,73.69,6.0,Wed,PM,Cycling,0
6.0,89.99,8.0,Thu,PM,Yoga,0
58.0,64.11,14.0,Sun,AM,HIIT,1
13.0,78.39,12.0,Sat,AM,Cycling,0
6.0,97.94,7.0,Thu,PM,Cycling,0
13.0,78.52,13.0,Sat,AM,Strength,0
